Student_ID,Study_Hours_Per_Day,Extracurricular_Hours_Per_Day,Sleep_Hours_Per_Day,Social_Hours_Per_Day,Physical_Activity_Hours_Per_Day,GPA,Stress_Level,GPA_Category
1,6.9,3.8,8.7,2.8,1.8,2.99,Moderate,Below Average
2,5.3,3.5,8.0,4.2,3.0,2.75,Low,Below Average
3,5.1,3.9,9.2,1.2,4.6,2.67,Low,Below Average
4,6.5,2.1,7.2,1.7,6.5,2.88,Moderate,Below Average
5,8.1,0.6,6.5,2.2,6.6,3.51,High,Above Average
6,6.0,2.1,8.0,0.3,7.6,2.85,Moderate,Below Average
7,8.0,0.7,5.3,5.7,4.3,3.08,High,Below Average
8,8.4,1.8,5.6,3.0,5.2,3.2,High,Above Average
9,5.2,3.6,6.3,4.0,4.9,2.82,Low,Below Average
10,7.7,0.7,9.8,4.5,1.3,2.76,Moderate,Below Average
11,9.7,3.6,8.0,2.5,0.2,3.43,High,Above Average
12,6.9,1.1,9.1,2.1,4.8,2.97,Moderate,Below Average
13,6.4,2.2,5.7,4.8,4.9,2.82,High,Below Average
14,5.0,3.3,8.5,4.4,2.8,2.87,Low,Below Average
15,8.9,0.3,6.8,0.7,7.3,3.4,High,Above Average
16,6.7,0.3,6.6,2.0,8.4,3.2,Moderate,Above Average
17,8.6,2.6,9.4,1.6,1.8,3.36,High,Above Average
18,8.8,2.2,8.9,2.0,2.1,3.19,High,Above Average
19,7.6,1.7,5.1,0.6,9.0,3.16,High,Above Average
20,6.6,2.0,9.5,1.5,4.4,2.93,Moderate,Below Average
21,7.1,3.0,6.1,0.5,7.3,2.9,Moderate,Below Average
22,9.6,3.2,8.2,2.6,0.4,3.34,High,Above Average
23,9.0,0.7,9.5,2.6,2.2,3.21,High,Above Average
24,6.1,1.7,9.1,5.2,1.9,2.85,Moderate,Below Average
25,5.0,2.0,7.1,1.3,8.6,2.68,Low,Below Average
26,9.7,1.3,7.6,3.8,1.6,3.29,High,Above Average
27,6.8,3.9,9.8,0.9,2.6,2.64,Moderate,Below Average
28,6.4,0.1,8.0,3.0,6.5,2.95,Moderate,Below Average
29,5.3,1.1,9.5,1.4,6.7,2.79,Low,Below Average
30,9.9,1.0,8.4,3.6,1.1,3.25,High,Above Average
31,6.2,2.9,6.8,3.8,4.3,3.05,Moderate,Below Average
32,5.5,3.3,6.6,1.1,7.5,3.26,Low,Above Average
33,5.2,2.4,8.4,0.1,7.9,2.47,Low,Below Average
34,8.2,0.7,8.5,2.3,4.3,3.24,High,Above Average
35,9.7,0.6,6.7,0.7,6.3,3.62,High,Above Average
36,9.1,2.2,7.6,1.2,3.9,3.12,High,Above Average
37,5.5,3.6,9.5,3.4,2.0,2.58,Low,Below Average
38,8.6,3.6,9.4,1.9,0.5,3.03,High,Below Average
39,8.2,0.3,5.8,5.4,4.3,3.29,High,Above Average
40,5.0,0.6,7.7,4.2,6.5,2.61,Low,Below Average
41,8.3,0.9,8.6,1.4,4.8,3.48,High,Above Average
42,8.2,3.4,8.3,2.3,1.8,3.07,High,Below Average
43,5.5,1.5,6.3,1.5,9.2,2.81,Low,Below Average
44,9.5,2.5,9.0,1.5,1.5,3.49,High,Above Average
45,7.9,2.0,6.0,4.3,3.8,2.97,Moderate,Below Average
46,9.7,3.8,9.6,0.3,0.6,3.55,High,Above Average
47,5.1,3.7,7.1,5.8,2.3,2.6,Low,Below Average
48,9.3,1.3,5.8,3.3,4.3,3.09,High,Below Average
49,9.7,2.8,7.9,0.3,3.3,3.47,High,Above Average
50,9.4,3.0,8.5,2.2,0.9,3.18,High,Above Average
51,6.8,1.2,9.0,4.9,2.1,3.12,Moderate,Above Average
52,9.0,2.6,8.5,3.1,0.8,4.0,High,Above Average
53,9.5,1.4,6.9,0.6,5.6,3.33,High,Above Average
54,7.3,2.2,6.4,3.5,4.6,3.11,Moderate,Below Average
55,5.2,0.1,9.1,2.2,7.4,2.79,Low,Below Average
56,8.8,0.9,8.1,0.5,5.7,3.1,High,Below Average
57,5.3,2.1,7.7,3.8,5.1,2.39,Low,Below Average
58,9.0,1.1,7.2,0.5,6.2,3.39,High,Above Average
59,5.1,3.9,9.2,4.0,1.8,2.52,Low,Below Average
60,5.8,1.0,7.7,4.3,5.2,2.8,Low,Below Average
61,8.3,1.1,9.8,3.5,1.3,3.67,High,Above Average
62,7.1,1.0,6.8,4.5,4.6,3.27,Moderate,Above Average
63,5.1,0.5,5.2,0.2,13.0,2.85,High,Below Average
64,7.4,0.4,7.5,2.8,5.9,3.26,Moderate,Above Average
65,5.9,1.7,7.0,3.7,5.7,2.8,Low,Below Average
66,6.9,2.5,7.5,5.1,2.0,3.06,Moderate,Below Average
67,8.3,0.7,5.4,3.9,5.7,3.26,High,Above Average
68,9.7,2.3,6.9,3.3,1.8,3.38,High,Above Average
69,7.3,2.2,9.7,1.9,2.9,3.15,Moderate,Above Average
70,5.4,1.3,9.2,0.1,8.0,2.69,Low,Below Average
71,9.1,1.1,5.6,4.2,4.0,3.54,High,Above Average
72,8.7,3.2,6.4,1.0,4.7,3.37,High,Above Average
73,8.8,3.2,10.0,0.8,1.2,3.58,High,Above Average
74,6.7,3.7,9.3,1.8,2.5,2.89,Moderate,Below Average
75,8.8,3.0,5.5,5.4,1.3,3.58,High,Above Average
76,6.6,3.6,6.9,0.1,6.8,2.99,Moderate,Below Average
77,9.5,0.4,6.6,5.7,1.8,3.44,High,Above Average
78,8.2,1.8,6.5,2.0,5.5,3.35,High,Above Average
79,8.4,3.0,9.0,2.8,0.8,3.26,High,Above Average
80,5.3,2.2,7.2,5.3,4.0,2.62,Low,Below Average
81,6.8,0.5,5.7,4.6,6.4,2.86,High,Below Average
82,5.4,2.8,5.4,4.9,5.5,2.86,High,Below Average
83,8.5,0.3,5.4,5.9,3.9,2.99,High,Below Average
84,9.1,3.8,9.9,0.9,0.3,3.08,High,Below Average
85,6.9,0.3,8.9,3.4,4.5,3.21,Moderate,Above Average
86,5.6,2.0,5.1,2.8,8.5,2.81,High,Below Average
87,5.3,0.5,5.6,3.9,8.7,2.9,High,Below Average
88,9.8,1.5,6.4,5.2,1.1,3.78,High,Above Average
89,6.1,3.9,5.1,5.8,3.1,2.96,High,Below Average
90,5.4,2.2,9.8,3.1,3.5,2.81,Low,Below Average
91,8.1,2.8,7.3,3.6,2.2,3.39,High,Above Average
92,5.2,1.1,9.8,5.3,2.6,2.82,Low,Below Average
93,7.3,2.5,6.4,1.1,6.7,2.67,Moderate,Below Average
94,7.9,0.3,9.9,5.8,0.1,3.08,Moderate,Below Average
95,8.5,2.1,6.5,4.9,2.0,3.1,High,Below Average
96,9.6,3.3,9.7,1.0,0.4,3.54,High,Above Average
97,8.1,1.7,9.7,3.9,0.6,3.45,High,Above Average
98,9.9,0.6,8.0,2.1,3.4,3.39,High,Above Average
99,9.8,3.4,9.2,0.7,0.9,3.15,High,Above Average
100,5.3,3.5,9.1,6.0,0.1,2.68,Low,Below Average
101,10.0,2.2,8.8,2.8,0.2,3.41,High,Above Average
102,7.3,0.5,9.8,3.6,2.8,3.22,Moderate,Above Average
103,6.1,2.7,8.1,2.1,5.0,2.98,Moderate,Below Average
104,7.6,3.1,7.6,4.9,0.8,2.99,Moderate,Below Average
105,7.8,2.2,9.4,1.9,2.7,3.3,Moderate,Above Average
106,8.5,0.9,5.7,0.1,8.8,3.55,High,Above Average
107,6.8,2.4,7.0,2.6,5.2,2.97,Moderate,Below Average
108,7.6,3.1,7.0,3.7,2.6,3.28,Moderate,Above Average
109,9.3,3.8,5.7,4.8,0.4,3.05,High,Below Average
110,7.3,3.9,7.5,1.7,3.6,3.08,Moderate,Below Average
111,8.2,1.0,5.4,0.8,8.6,3.3,High,Above Average
112,5.9,1.4,9.5,2.8,4.4,2.7,Low,Below Average
113,8.3,0.7,6.0,0.2,8.8,3.14,High,Above Average
114,5.9,0.4,5.6,2.8,9.3,2.73,High,Below Average
115,6.0,1.5,7.5,4.1,4.9,2.76,Moderate,Below Average
116,9.4,3.7,5.3,1.6,4.0,3.45,High,Above Average
117,9.0,3.0,5.9,1.3,4.8,3.29,High,Above Average
118,8.1,1.5,7.3,4.5,2.6,2.75,High,Below Average
119,5.2,1.0,8.6,5.4,3.8,3.4,Low,Above Average
120,5.5,1.8,7.7,1.5,7.5,3.05,Low,Below Average
121,6.3,1.5,5.1,1.9,9.2,2.82,High,Below Average
122,5.6,3.6,8.0,4.1,2.7,2.62,Low,Below Average
123,8.9,2.0,5.4,3.2,4.5,3.64,High,Above Average
124,7.2,0.5,6.4,2.2,7.7,3.19,Moderate,Above Average
125,8.2,2.3,6.8,5.9,0.8,2.95,High,Below Average
126,5.5,0.6,6.2,1.0,10.7,2.94,Low,Below Average
127,5.9,1.1,5.9,5.4,5.7,2.89,High,Below Average
128,7.1,3.9,5.6,2.4,5.0,2.9,High,Below Average
129,9.8,3.5,9.1,0.4,1.2,3.57,High,Above Average
130,9.6,2.2,7.9,1.2,3.1,3.24,High,Above Average
131,8.8,0.7,6.6,2.6,5.3,2.99,High,Below Average
132,5.6,2.4,6.4,3.5,6.1,2.85,Low,Below Average
133,5.8,1.9,7.7,0.3,8.3,2.7,Low,Below Average
134,5.3,4.0,6.6,4.9,3.2,2.72,Low,Below Average
135,6.3,2.7,8.8,3.6,2.6,2.45,Moderate,Below Average
136,6.7,3.7,9.2,4.2,0.2,2.85,Moderate,Below Average
137,5.6,2.9,9.7,1.1,4.7,2.86,Low,Below Average
138,7.9,3.4,5.7,4.8,2.2,3.15,High,Above Average
139,6.0,0.7,5.8,4.9,6.6,2.96,High,Below Average
140,6.8,3.5,7.0,4.9,1.8,3.44,Moderate,Above Average
141,7.2,1.5,7.3,1.8,6.2,3.08,Moderate,Below Average
142,6.2,3.6,6.9,3.3,4.0,3.27,Moderate,Above Average
143,9.5,2.5,5.6,5.6,0.8,3.13,High,Above Average
144,5.7,3.2,8.1,3.2,3.8,3.08,Low,Below Average
145,9.5,3.2,5.8,1.7,3.8,3.59,High,Above Average
146,5.2,2.3,8.8,5.3,2.4,2.61,Low,Below Average
147,6.7,3.3,5.6,5.1,3.3,2.95,High,Below Average
148,9.0,0.6,6.1,4.3,4.0,3.15,High,Above Average
149,8.6,2.6,8.5,2.3,2.0,3.14,High,Above Average
150,5.9,3.6,7.9,2.4,4.2,2.64,Low,Below Average
151,7.3,3.8,5.8,3.5,3.6,3.58,High,Above Average
152,5.1,3.5,9.7,3.2,2.5,2.79,Low,Below Average
153,8.5,3.7,8.5,0.5,2.8,3.65,High,Above Average
154,7.1,2.9,9.7,4.0,0.3,3.33,Moderate,Above Average
155,7.3,0.5,9.9,5.0,1.3,3.11,Moderate,Below Average
156,8.0,1.6,5.3,2.0,7.1,3.42,High,Above Average
157,9.0,0.0,6.7,2.4,5.9,3.51,High,Above Average
158,6.7,1.4,8.7,2.7,4.5,3.02,Moderate,Below Average
159,6.1,1.8,5.7,1.1,9.3,2.38,High,Below Average
160,9.6,1.4,7.9,3.2,1.9,3.43,High,Above Average
161,5.1,2.7,5.9,5.8,4.5,2.71,High,Below Average
162,5.4,4.0,7.5,3.6,3.5,2.59,Low,Below Average
163,5.3,3.0,6.0,5.4,4.3,2.68,Low,Below Average
164,5.2,1.9,7.8,0.4,8.7,2.67,Low,Below Average
165,8.9,1.8,7.6,2.5,3.2,3.58,High,Above Average
166,5.8,0.7,9.3,5.7,2.5,2.46,Low,Below Average
167,6.9,1.1,8.2,2.5,5.3,3.22,Moderate,Above Average
168,5.1,0.9,6.2,4.0,7.8,3.02,Low,Below Average
169,5.1,0.4,9.0,1.1,8.4,2.52,Low,Below Average
170,5.5,1.0,8.6,5.1,3.8,2.97,Low,Below Average
171,9.2,1.6,8.3,1.0,3.9,3.5,High,Above Average
172,5.1,0.3,6.0,0.2,12.4,2.7,Low,Below Average
173,5.9,2.3,7.1,5.4,3.3,2.78,Low,Below Average
174,6.3,1.5,8.0,1.6,6.6,3.15,Moderate,Above Average
175,8.1,1.6,7.8,2.6,3.9,3.26,High,Above Average
176,8.8,0.6,9.3,2.6,2.7,3.3,High,Above Average
177,9.5,3.2,7.1,0.1,4.1,3.49,High,Above Average
178,8.2,1.0,5.7,5.0,4.1,2.89,High,Below Average
179,9.9,2.1,5.9,1.6,4.5,3.52,High,Above Average
180,6.4,2.2,8.3,5.0,2.1,2.76,Moderate,Below Average
181,6.0,0.0,5.7,5.4,6.9,2.95,High,Below Average
182,8.0,2.7,5.9,5.5,1.9,3.4,High,Above Average
183,7.1,1.5,7.6,0.3,7.5,3.17,Moderate,Above Average
184,5.4,2.4,6.2,2.3,7.7,2.66,Low,Below Average
185,6.4,1.4,8.6,1.8,5.8,2.77,Moderate,Below Average
186,8.3,3.7,8.7,0.7,2.6,3.77,High,Above Average
187,5.2,1.0,8.0,0.3,9.5,3.29,Low,Above Average
188,6.7,3.1,5.5,0.5,8.2,2.99,High,Below Average
189,8.6,2.0,8.4,2.2,2.8,3.43,High,Above Average
190,9.0,2.8,6.4,3.4,2.4,3.24,High,Above Average
191,6.8,0.4,9.6,0.8,6.4,3.01,Moderate,Below Average
192,5.9,2.2,9.4,4.4,2.1,3.01,Low,Below Average
193,9.0,2.6,8.5,3.3,0.6,3.34,High,Above Average
194,6.1,4.0,9.7,0.2,4.0,2.58,Moderate,Below Average
195,8.5,3.7,5.9,3.4,2.5,3.06,High,Below Average
196,9.6,3.9,9.7,0.4,0.4,3.65,High,Above Average
197,9.3,3.4,6.6,3.9,0.8,3.41,High,Above Average
198,6.2,0.5,5.4,4.2,7.7,2.84,High,Below Average
199,6.7,2.9,5.3,1.9,7.2,3.29,High,Above Average
200,6.6,2.5,9.4,3.4,2.1,3.03,Moderate,Below Average
201,6.2,0.1,9.4,0.1,8.2,2.95,Moderate,Below Average
202,9.7,3.2,10.0,0.4,0.7,3.67,High,Above Average
203,8.8,1.6,7.4,3.8,2.4,3.23,High,Above Average
204,7.1,3.0,6.2,0.7,7.0,3.36,Moderate,Above Average
205,6.8,1.1,6.5,1.4,8.2,3.01,Moderate,Below Average
206,6.9,2.7,6.1,5.7,2.6,3.08,Moderate,Below Average
207,8.9,0.4,7.1,5.3,2.3,3.33,High,Above Average
208,8.1,0.7,10.0,1.2,4.0,3.35,High,Above Average
209,9.7,2.6,8.0,1.9,1.8,3.33,High,Above Average
210,6.1,0.7,8.9,2.1,6.2,2.81,Moderate,Below Average
211,5.3,3.9,9.4,5.0,0.4,3.08,Low,Below Average
212,8.5,0.6,9.1,1.3,4.5,3.16,High,Above Average
213,6.1,2.1,8.0,3.5,4.3,2.79,Moderate,Below Average
214,9.4,3.8,9.3,1.2,0.3,3.33,High,Above Average
215,8.3,2.2,5.4,2.5,5.6,2.97,High,Below Average
216,8.6,2.0,5.4,1.3,6.7,3.14,High,Above Average
217,8.4,0.3,9.3,3.0,3.0,3.77,High,Above Average
218,9.1,1.4,8.4,2.9,2.2,3.26,High,Above Average
219,6.3,3.5,9.0,3.4,1.8,3.11,Moderate,Below Average
220,8.5,2.7,8.1,3.5,1.2,3.38,High,Above Average
221,5.8,3.5,9.4,0.2,5.1,2.84,Low,Below Average
222,6.7,3.0,5.8,4.9,3.6,3.03,High,Below Average
223,9.2,2.0,5.0,1.7,6.1,3.42,High,Above Average
224,8.2,1.0,8.2,3.2,3.4,3.24,High,Above Average
225,8.9,0.4,8.8,3.2,2.7,3.32,High,Above Average
226,8.2,3.7,5.5,5.6,1.0,3.29,High,Above Average
227,8.4,0.3,6.5,4.2,4.6,3.29,High,Above Average
228,6.7,2.5,5.2,5.2,4.4,2.86,High,Below Average
229,9.9,3.9,8.7,0.2,1.3,3.8,High,Above Average
230,8.4,1.8,6.4,6.0,1.4,3.25,High,Above Average
231,7.1,1.8,5.8,4.8,4.5,2.86,High,Below Average
232,5.4,2.7,8.3,1.6,6.0,2.95,Low,Below Average
233,9.8,0.6,7.2,5.7,0.7,3.84,High,Above Average
234,7.0,1.1,9.9,2.5,3.5,2.84,Moderate,Below Average
235,9.5,0.9,6.1,0.2,7.3,3.17,High,Above Average
236,9.3,1.9,9.8,0.6,2.4,3.68,High,Above Average
237,9.3,3.1,8.9,2.3,0.4,3.52,High,Above Average
238,5.7,0.1,9.6,3.7,4.9,3.12,Low,Above Average
239,9.0,1.9,5.6,0.8,6.7,3.21,High,Above Average
240,6.0,2.0,5.3,3.5,7.2,3.26,High,Above Average
241,6.3,3.2,6.6,2.7,5.2,2.85,Moderate,Below Average
242,8.0,1.2,8.5,5.2,1.1,2.72,Moderate,Below Average
243,8.9,0.2,7.4,0.6,6.9,3.33,High,Above Average
244,8.1,2.8,7.8,0.1,5.2,2.98,High,Below Average
245,6.6,2.1,5.4,2.1,7.8,2.79,High,Below Average
246,7.8,2.8,9.0,0.9,3.5,3.11,Moderate,Below Average
247,5.8,0.4,8.2,4.2,5.4,2.88,Low,Below Average
248,8.5,3.5,8.6,2.7,0.7,3.15,High,Above Average
249,6.7,3.3,5.4,5.4,3.2,3.27,High,Above Average
250,7.3,2.6,7.6,4.4,2.1,3.13,Moderate,Above Average
251,5.4,0.2,6.2,1.0,11.2,2.75,Low,Below Average
252,9.9,1.3,5.9,4.7,2.2,3.57,High,Above Average
253,8.3,2.0,7.8,4.2,1.7,3.25,High,Above Average
254,6.0,2.7,5.4,0.2,9.7,2.92,High,Below Average
255,6.3,1.9,9.3,4.4,2.1,2.85,Moderate,Below Average
256,6.7,1.5,9.9,0.2,5.7,3.32,Moderate,Above Average
257,9.3,2.3,7.2,3.8,1.4,3.61,High,Above Average
258,9.5,1.7,6.4,3.6,2.8,3.42,High,Above Average
259,9.6,0.8,8.1,3.5,2.0,3.31,High,Above Average
260,8.6,3.6,5.9,1.4,4.5,3.37,High,Above Average
261,9.9,0.7,9.3,2.0,2.1,3.59,High,Above Average
262,7.2,2.1,6.8,3.6,4.3,3.01,Moderate,Below Average
263,5.8,1.6,9.8,1.5,5.3,2.61,Low,Below Average
264,8.9,0.5,9.8,2.2,2.6,3.57,High,Above Average
265,6.2,0.3,5.8,3.1,8.6,3.13,High,Above Average
266,7.2,1.0,8.1,4.2,3.5,2.98,Moderate,Below Average
267,5.8,0.7,5.2,4.4,7.9,2.81,High,Below Average
268,9.2,3.2,7.9,3.2,0.5,3.8,High,Above Average
269,6.0,0.4,6.3,0.3,11.0,3.05,Moderate,Below Average
270,5.2,0.5,7.3,5.6,5.4,2.79,Low,Below Average
271,6.6,2.0,5.2,0.9,9.3,3.17,High,Above Average
272,7.3,2.1,7.4,4.0,3.2,3.16,Moderate,Above Average
273,5.7,0.1,6.5,4.2,7.5,2.98,Low,Below Average
274,9.8,0.4,8.4,2.4,3.0,3.26,High,Above Average
275,9.3,0.7,8.5,4.6,0.9,3.43,High,Above Average
276,7.5,2.5,9.3,2.7,2.0,3.2,Moderate,Above Average
277,5.2,3.7,8.4,4.1,2.6,2.91,Low,Below Average
278,7.0,2.6,5.5,3.9,5.0,2.82,High,Below Average
279,10.0,0.2,9.9,1.6,2.3,3.56,High,Above Average
280,7.8,3.0,9.4,1.5,2.3,3.25,Moderate,Above Average
281,6.6,2.7,9.0,4.3,1.4,2.93,Moderate,Below Average
282,9.1,0.5,7.7,0.0,6.7,3.64,High,Above Average
283,6.6,1.5,7.0,4.2,4.7,2.79,Moderate,Below Average
284,6.2,1.5,6.1,0.4,9.8,2.5,Moderate,Below Average
285,8.0,2.7,8.1,2.4,2.8,3.4,Moderate,Above Average
286,7.6,1.9,5.1,2.0,7.4,3.08,High,Below Average
287,6.9,1.6,7.9,3.2,4.4,3.31,Moderate,Above Average
288,9.1,2.9,9.8,0.0,2.2,3.48,High,Above Average
289,6.0,0.0,8.2,5.4,4.4,2.92,Moderate,Below Average
290,5.3,3.7,6.8,0.6,7.6,2.78,Low,Below Average
291,7.4,1.0,6.4,1.8,7.4,3.15,Moderate,Above Average
292,6.6,2.4,8.6,1.6,4.8,3.27,Moderate,Above Average
293,7.1,0.5,5.9,4.1,6.4,3.09,High,Below Average
294,8.5,0.4,7.8,1.5,5.8,3.01,High,Below Average
295,9.8,1.9,9.0,1.8,1.5,3.5,High,Above Average
296,9.8,2.4,9.1,2.4,0.3,3.38,High,Above Average
297,6.1,0.8,8.1,2.5,6.5,2.67,Moderate,Below Average
298,8.9,1.1,9.1,2.1,2.8,3.2,High,Above Average
299,8.3,0.4,8.1,2.7,4.5,3.01,High,Below Average
300,8.7,3.5,6.1,0.5,5.2,3.37,High,Above Average
301,5.1,2.6,8.0,3.3,5.0,2.65,Low,Below Average
302,8.0,2.0,9.9,0.6,3.5,2.93,Moderate,Below Average
303,8.5,1.6,7.1,4.3,2.5,3.39,High,Above Average
304,6.4,0.3,5.4,5.4,6.5,3.29,High,Above Average
305,6.0,1.3,6.1,2.1,8.5,2.91,Moderate,Below Average
306,5.3,3.2,6.2,3.2,6.1,2.64,Low,Below Average
307,9.4,2.6,7.7,1.4,2.9,3.66,High,Above Average
308,10.0,2.6,7.8,2.6,1.0,3.26,High,Above Average
309,7.3,0.2,7.8,5.7,3.0,3.2,Moderate,Above Average
310,6.0,2.1,5.5,2.7,7.7,2.72,High,Below Average
311,8.8,1.4,8.3,4.4,1.1,3.1,High,Below Average
312,10.0,3.7,7.7,2.2,0.4,3.44,High,Above Average
313,7.6,2.5,5.4,4.5,4.0,3.17,High,Above Average
314,8.9,2.8,5.2,1.8,5.3,3.3,High,Above Average
315,6.3,1.4,5.4,5.6,5.3,2.58,High,Below Average
316,7.0,1.8,8.0,3.1,4.1,3.15,Moderate,Above Average
317,9.6,2.0,10.0,2.0,0.4,3.46,High,Above Average
318,6.9,3.5,9.3,3.5,0.8,3.02,Moderate,Below Average
319,9.0,1.2,5.4,2.4,6.0,3.46,High,Above Average
320,6.7,3.9,8.2,4.3,0.9,2.83,Moderate,Below Average
321,5.7,3.4,9.6,2.6,2.7,3.13,Low,Above Average
322,5.9,2.0,7.0,0.9,8.2,3.0,Low,Below Average
323,6.8,0.3,5.1,0.8,11.0,3.03,High,Below Average
324,9.8,1.7,6.6,3.0,2.9,3.58,High,Above Average
325,7.2,0.4,8.2,1.3,6.9,3.39,Moderate,Above Average
326,5.8,0.2,8.9,2.8,6.3,3.11,Low,Below Average
327,5.3,4.0,5.3,4.2,5.2,2.67,High,Below Average
328,8.5,0.2,7.5,6.0,1.8,3.21,High,Above Average
329,9.1,2.5,6.5,3.7,2.2,2.85,High,Below Average
330,5.7,3.5,7.2,1.2,6.4,3.04,Low,Below Average
331,6.8,1.7,9.1,4.4,2.0,2.9,Moderate,Below Average
332,5.1,1.0,8.8,0.8,8.3,2.25,Low,Below Average
333,7.7,0.9,5.1,1.4,8.9,3.15,High,Above Average
334,5.5,2.2,7.3,5.1,3.9,2.94,Low,Below Average
335,5.5,2.0,5.8,1.9,8.8,2.79,High,Below Average
336,6.9,1.6,7.3,4.7,3.5,3.38,Moderate,Above Average
337,9.5,3.8,8.9,0.6,1.2,3.3,High,Above Average
338,6.3,3.4,5.2,5.4,3.7,3.31,High,Above Average
339,7.3,2.5,8.3,5.3,0.6,3.36,Moderate,Above Average
340,5.3,2.1,5.8,4.4,6.4,3.11,High,Below Average
341,7.6,2.7,5.2,0.5,8.0,3.07,High,Below Average
342,5.4,0.0,9.8,4.4,4.4,2.85,Low,Below Average
343,6.8,1.2,6.7,4.6,4.7,2.81,Moderate,Below Average
344,5.9,0.4,8.3,4.6,4.8,2.99,Low,Below Average
345,6.3,0.1,5.4,5.8,6.4,3.14,High,Above Average
346,8.1,1.5,6.0,0.7,7.7,3.06,High,Below Average
347,8.1,3.1,8.2,2.4,2.2,3.09,High,Below Average
348,9.9,2.4,7.9,2.8,1.0,3.67,High,Above Average
349,9.1,2.6,5.6,2.0,4.7,3.16,High,Above Average
350,7.2,2.5,9.7,1.1,3.5,2.69,Moderate,Below Average
351,5.6,0.8,9.4,3.9,4.3,3.01,Low,Below Average
352,9.3,3.4,9.6,0.4,1.3,3.28,High,Above Average
353,8.8,1.8,9.2,3.1,1.1,3.45,High,Above Average
354,5.9,2.2,9.9,5.6,0.4,3.12,Low,Above Average
355,5.2,0.7,5.7,4.4,8.0,2.67,High,Below Average
356,7.5,3.4,8.7,2.4,2.0,3.24,Moderate,Above Average
357,8.0,2.0,6.5,3.4,4.1,3.35,Moderate,Above Average
358,8.2,3.0,5.8,2.8,4.2,3.31,High,Above Average
359,5.0,1.0,8.6,6.0,3.4,2.71,Low,Below Average
360,9.0,0.8,7.8,4.4,2.0,3.18,High,Above Average
361,8.1,0.8,6.8,4.7,3.6,3.19,High,Above Average
362,8.8,0.1,8.7,1.2,5.2,3.32,High,Above Average
363,9.8,1.5,6.6,0.9,5.2,3.61,High,Above Average
364,10.0,1.5,7.2,3.8,1.5,3.43,High,Above Average
365,9.4,2.4,7.0,2.1,3.1,3.1,High,Below Average
366,9.0,0.4,7.9,2.9,3.8,3.6,High,Above Average
367,8.2,0.3,7.9,3.4,4.2,3.64,High,Above Average
368,8.4,3.2,6.3,5.0,1.1,3.5,High,Above Average
369,7.5,0.3,5.3,2.0,8.9,3.26,High,Above Average
370,8.9,2.1,7.2,0.9,4.9,3.53,High,Above Average
371,6.6,1.7,5.4,1.3,9.0,3.29,High,Above Average
372,10.0,3.7,8.2,0.9,1.2,3.63,High,Above Average
373,8.2,3.1,5.6,2.5,4.6,3.16,High,Above Average
374,7.9,2.4,5.9,2.2,5.6,3.4,High,Above Average
375,6.7,0.1,5.1,5.0,7.1,3.03,High,Below Average
376,6.5,3.8,6.3,2.6,4.8,2.62,Moderate,Below Average
377,9.4,3.4,5.9,4.3,1.0,3.18,High,Above Average
378,5.7,0.3,8.6,3.0,6.4,2.28,Low,Below Average
379,7.2,2.9,8.8,0.8,4.3,2.88,Moderate,Below Average
380,8.8,2.6,9.8,0.2,2.6,3.38,High,Above Average
381,5.3,1.1,6.3,1.5,9.8,2.75,Low,Below Average
382,6.4,3.0,7.2,4.7,2.7,3.03,Moderate,Below Average
383,5.3,2.0,5.2,0.4,11.1,2.31,High,Below Average
384,6.7,3.6,5.1,4.0,4.6,3.18,High,Above Average
385,9.8,2.2,9.7,0.1,2.2,3.16,High,Above Average
386,8.7,3.9,6.3,3.3,1.8,3.2,High,Above Average
387,6.0,2.3,7.3,5.8,2.6,2.58,Moderate,Below Average
388,5.6,0.6,6.1,1.5,10.2,3.07,Low,Below Average
389,9.3,2.2,7.6,0.6,4.3,3.48,High,Above Average
390,5.3,2.8,7.7,0.5,7.7,2.93,Low,Below Average
391,7.3,1.9,5.8,5.7,3.3,3.18,High,Above Average
392,7.3,1.6,8.3,3.3,3.5,3.28,Moderate,Above Average
393,5.3,2.1,9.0,2.8,4.8,2.67,Low,Below Average
394,5.8,1.3,8.8,3.1,5.0,2.71,Low,Below Average
395,6.0,3.5,9.4,4.4,0.7,2.84,Moderate,Below Average
396,9.9,3.1,5.1,0.4,5.5,3.17,High,Above Average
397,7.3,3.6,7.7,2.7,2.7,3.15,Moderate,Above Average
398,9.1,1.5,8.9,4.3,0.2,3.21,High,Above Average
399,6.0,2.1,6.4,4.8,4.7,3.27,Moderate,Above Average
400,9.0,1.6,9.6,2.0,1.8,3.57,High,Above Average
401,5.8,2.8,9.0,1.9,4.5,2.8,Low,Below Average
402,5.9,3.6,8.3,0.9,5.3,2.8,Low,Below Average
403,7.2,2.5,5.4,5.3,3.6,3.08,High,Below Average
404,9.8,1.7,9.9,1.7,0.9,3.75,High,Above Average
405,8.2,0.7,9.4,2.4,3.3,3.47,High,Above Average
406,8.6,3.6,5.4,4.4,2.0,3.81,High,Above Average
407,5.9,3.4,9.1,3.0,2.6,2.68,Low,Below Average
408,7.4,3.3,7.3,2.1,3.9,3.34,Moderate,Above Average
409,7.5,3.3,6.7,1.0,5.5,3.29,Moderate,Above Average
410,5.5,1.0,5.7,2.1,9.7,2.93,High,Below Average
411,7.3,3.0,8.3,3.4,2.0,3.29,Moderate,Above Average
412,7.4,3.9,8.2,0.6,3.9,3.02,Moderate,Below Average
413,8.4,1.3,8.4,0.4,5.5,3.32,High,Above Average
414,6.1,3.3,6.4,3.9,4.3,2.86,Moderate,Below Average
415,8.5,2.1,6.5,1.3,5.6,3.38,High,Above Average
416,9.4,3.1,8.9,1.7,0.9,3.45,High,Above Average
417,6.3,3.6,8.4,3.2,2.5,2.92,Moderate,Below Average
418,7.3,3.5,7.7,2.1,3.4,2.9,Moderate,Below Average
419,9.9,0.4,7.1,0.3,6.3,3.55,High,Above Average
420,6.4,3.4,6.5,5.5,2.2,3.0,Moderate,Below Average
421,8.8,3.2,5.1,5.8,1.1,3.13,High,Above Average
422,9.1,1.1,9.4,0.5,3.9,3.58,High,Above Average
423,8.5,2.2,5.5,1.5,6.3,3.27,High,Above Average
424,6.5,2.4,6.5,1.8,6.8,2.91,Moderate,Below Average
425,8.7,0.2,9.5,4.8,0.8,3.5,High,Above Average
426,9.5,0.7,5.4,1.4,7.0,3.77,High,Above Average
427,9.0,0.1,7.9,6.0,1.0,3.36,High,Above Average
428,5.3,3.3,8.0,0.7,6.7,3.03,Low,Below Average
429,5.5,3.6,8.3,5.0,1.6,2.86,Low,Below Average
430,7.6,1.7,6.6,2.6,5.5,3.34,Moderate,Above Average
431,8.9,2.4,9.5,1.4,1.8,3.66,High,Above Average
432,8.0,2.8,6.2,3.1,3.9,3.46,Moderate,Above Average
433,5.5,1.5,7.4,3.9,5.7,2.85,Low,Below Average
434,8.7,2.0,8.2,0.4,4.7,3.42,High,Above Average
435,6.3,1.4,7.4,0.3,8.6,2.86,Moderate,Below Average
436,9.9,1.3,7.4,1.1,4.3,3.35,High,Above Average
437,8.1,1.1,6.0,3.1,5.7,3.15,High,Above Average
438,9.0,2.3,7.6,1.5,3.6,3.2,High,Above Average
439,9.7,1.6,5.4,3.7,3.6,3.39,High,Above Average
440,7.5,3.5,7.5,3.9,1.6,2.97,Moderate,Below Average
441,10.0,0.5,6.4,2.4,4.7,3.14,High,Above Average
442,9.5,2.9,8.0,1.1,2.5,3.11,High,Below Average
443,9.1,3.8,9.1,0.0,2.0,3.27,High,Above Average
444,6.3,0.2,8.0,4.1,5.4,2.97,Moderate,Below Average
445,5.6,1.5,7.3,2.2,7.4,2.8,Low,Below Average
446,8.8,0.3,5.4,2.1,7.4,3.12,High,Above Average
447,9.7,2.7,8.4,1.2,2.0,3.44,High,Above Average
448,8.2,3.7,8.1,3.5,0.5,3.23,High,Above Average
449,8.6,0.5,9.5,0.4,5.0,3.06,High,Below Average
450,5.1,1.7,6.5,2.9,7.8,2.79,Low,Below Average
451,7.9,0.2,5.6,3.4,6.9,3.44,High,Above Average
452,8.3,3.4,8.5,1.6,2.2,3.07,High,Below Average
453,8.4,1.1,6.5,4.7,3.3,3.54,High,Above Average
454,9.1,3.4,9.6,0.8,1.1,3.31,High,Above Average
455,6.6,2.3,6.9,3.6,4.6,3.2,Moderate,Above Average
456,6.9,0.7,7.2,0.9,8.3,3.26,Moderate,Above Average
457,9.5,1.4,5.8,0.2,7.1,3.69,High,Above Average
458,6.7,0.3,7.0,1.9,8.1,3.28,Moderate,Above Average
459,8.4,2.4,6.8,1.3,5.1,3.25,High,Above Average
460,8.4,0.6,7.4,0.2,7.4,3.32,High,Above Average
461,7.5,3.9,6.9,0.2,5.5,3.11,Moderate,Below Average
462,5.8,0.1,8.8,2.8,6.5,2.8,Low,Below Average
463,6.4,3.6,5.6,5.7,2.7,3.1,High,Below Average
464,8.0,3.3,9.9,0.8,2.0,3.13,Moderate,Above Average
465,9.8,1.6,6.9,1.9,3.8,3.23,High,Above Average
466,7.8,2.2,8.8,4.3,0.9,3.2,Moderate,Above Average
467,7.2,1.2,6.3,1.2,8.1,3.05,Moderate,Below Average
468,6.4,3.9,7.8,2.0,3.9,2.87,Moderate,Below Average
469,7.9,0.6,7.2,3.8,4.5,2.68,Moderate,Below Average
470,10.0,3.5,8.1,1.4,1.0,3.44,High,Above Average
471,8.1,0.8,7.0,0.2,7.9,3.74,High,Above Average
472,6.1,3.9,9.5,3.2,1.3,2.61,Moderate,Below Average
473,7.7,3.5,5.7,4.7,2.4,3.21,High,Above Average
474,6.4,3.5,9.7,0.7,3.7,2.89,Moderate,Below Average
475,7.3,3.9,7.4,4.7,0.7,2.74,Moderate,Below Average
476,6.4,0.8,8.8,2.3,5.7,3.21,Moderate,Above Average
477,7.6,2.0,7.9,5.2,1.3,3.13,Moderate,Above Average
478,9.1,3.1,7.9,3.7,0.2,3.42,High,Above Average
479,6.0,0.4,9.3,2.6,5.7,3.02,Moderate,Below Average
480,8.1,3.7,5.1,2.9,4.2,2.63,High,Below Average
481,8.4,2.9,8.5,0.6,3.6,3.07,High,Below Average
482,9.0,1.1,6.1,5.7,2.1,3.07,High,Below Average
483,5.0,4.0,8.4,5.0,1.6,2.9,Low,Below Average
484,8.7,0.6,8.8,4.5,1.4,3.41,High,Above Average
485,8.3,3.1,9.2,2.1,1.3,3.24,High,Above Average
486,5.4,1.6,7.0,0.4,9.6,2.63,Low,Below Average
487,6.7,0.4,9.0,5.7,2.2,2.63,Moderate,Below Average
488,5.4,2.0,9.0,4.2,3.4,2.85,Low,Below Average
489,5.3,0.3,7.0,1.8,9.6,2.64,Low,Below Average
490,9.0,3.7,7.0,3.9,0.4,3.16,High,Above Average
491,6.6,1.9,6.1,3.8,5.6,3.0,Moderate,Below Average
492,6.8,2.6,5.6,5.3,3.7,3.08,High,Below Average
493,7.5,1.8,7.9,3.7,3.1,3.17,Moderate,Above Average
494,6.2,2.9,9.1,4.7,1.1,2.83,Moderate,Below Average
495,7.8,2.1,5.7,4.7,3.7,3.16,High,Above Average
496,6.4,0.5,8.1,0.3,8.7,2.61,Moderate,Below Average
497,8.7,1.3,5.0,3.1,5.9,3.24,High,Above Average
498,9.2,0.0,6.2,4.4,4.2,3.41,High,Above Average
499,6.6,0.4,6.8,1.6,8.6,2.89,Moderate,Below Average
500,8.9,3.6,7.2,3.9,0.4,3.51,High,Above Average
501,6.9,3.9,5.4,4.1,3.7,2.55,High,Below Average
502,8.2,2.8,5.0,1.0,7.0,3.2,High,Above Average
503,8.6,2.7,9.8,2.2,0.7,3.31,High,Above Average
504,6.5,0.4,8.9,3.9,4.3,3.01,Moderate,Below Average
505,5.2,1.4,9.8,3.0,4.6,2.49,Low,Below Average
506,6.0,1.5,6.8,0.3,9.4,2.44,Moderate,Below Average
507,8.8,1.7,9.1,3.7,0.7,3.44,High,Above Average
508,7.4,3.5,6.1,4.1,2.9,2.88,Moderate,Below Average
509,8.0,1.2,5.7,3.9,5.2,3.03,High,Below Average
510,8.2,1.6,8.6,1.1,4.5,3.46,High,Above Average
511,9.5,1.1,6.8,0.3,6.3,3.43,High,Above Average
512,6.3,3.3,5.1,2.3,7.0,2.74,High,Below Average
513,6.7,0.1,5.6,2.5,9.1,2.49,High,Below Average
514,7.7,2.4,5.0,2.8,6.1,3.12,High,Above Average
515,9.8,2.1,8.4,1.2,2.5,3.61,High,Above Average
516,7.6,3.9,5.6,0.1,6.8,3.28,High,Above Average
517,8.9,3.2,5.6,1.6,4.7,3.36,High,Above Average
518,6.7,1.5,5.0,1.8,9.0,3.31,High,Above Average
519,8.2,3.9,9.2,0.1,2.6,3.26,High,Above Average
520,8.9,1.8,7.0,1.8,4.5,3.38,High,Above Average
521,5.3,0.9,6.2,2.9,8.7,2.76,Low,Below Average
522,5.3,3.8,9.7,4.1,1.1,3.13,Low,Above Average
523,10.0,2.2,9.8,0.2,1.8,3.25,High,Above Average
524,6.0,0.6,8.1,4.7,4.6,2.78,Moderate,Below Average
525,7.9,0.6,9.1,3.8,2.6,3.5,Moderate,Above Average
526,6.3,1.4,9.6,1.7,5.0,2.74,Moderate,Below Average
527,7.3,3.6,8.5,0.3,4.3,2.93,Moderate,Below Average
528,5.7,3.8,7.6,1.5,5.4,3.27,Low,Above Average
529,7.5,2.7,5.4,1.6,6.8,3.09,High,Below Average
530,7.7,1.7,5.2,1.0,8.4,3.43,High,Above Average
531,7.2,0.8,5.2,5.1,5.7,2.99,High,Below Average
532,9.8,0.8,9.8,3.6,0.0,3.59,High,Above Average
533,8.6,3.9,7.8,1.0,2.7,3.69,High,Above Average
534,5.4,2.5,9.9,1.1,5.1,2.54,Low,Below Average
535,9.0,3.6,9.7,1.6,0.1,3.44,High,Above Average
536,8.8,0.6,7.4,4.3,2.9,3.32,High,Above Average
537,6.2,2.6,8.3,1.0,5.9,3.23,Moderate,Above Average
538,7.5,0.0,5.0,2.1,9.4,3.2,High,Above Average
539,9.6,0.9,8.2,1.2,4.1,3.62,High,Above Average
540,8.6,0.4,7.1,0.2,7.7,3.2,High,Above Average
541,7.4,2.6,5.6,1.7,6.7,3.26,High,Above Average
542,10.0,0.2,8.8,1.9,3.1,3.46,High,Above Average
543,7.0,3.0,9.6,4.2,0.2,2.68,Moderate,Below Average
544,8.9,1.0,7.8,2.2,4.1,3.54,High,Above Average
545,8.3,1.0,6.0,5.5,3.2,3.25,High,Above Average
546,6.1,0.2,5.2,1.1,11.4,2.72,High,Below Average
547,9.3,1.1,9.8,2.2,1.6,3.79,High,Above Average
548,7.6,3.0,6.4,2.1,4.9,2.83,Moderate,Below Average
549,9.5,3.8,9.5,0.5,0.7,3.4,High,Above Average
550,7.5,0.8,8.0,1.1,6.6,3.43,Moderate,Above Average
551,6.7,3.4,6.0,0.4,7.5,2.48,Moderate,Below Average
552,9.1,3.3,6.7,3.4,1.5,3.4,High,Above Average
553,8.9,2.6,5.8,5.3,1.4,2.98,High,Below Average
554,7.1,0.2,5.6,4.6,6.5,3.13,High,Above Average
555,5.0,1.7,7.6,0.3,9.4,2.53,Low,Below Average
556,6.2,0.0,8.6,5.8,3.4,2.71,Moderate,Below Average
557,6.1,2.7,8.7,5.1,1.4,2.57,Moderate,Below Average
558,6.6,2.9,9.1,1.0,4.4,2.85,Moderate,Below Average
559,6.9,3.6,9.0,4.4,0.1,2.92,Moderate,Below Average
560,8.0,2.6,5.4,3.3,4.7,3.48,High,Above Average
561,8.5,0.7,8.9,3.4,2.5,3.41,High,Above Average
562,6.5,2.9,8.8,0.6,5.2,2.67,Moderate,Below Average
563,7.6,2.0,6.8,5.6,2.0,3.25,Moderate,Above Average
564,8.6,1.8,9.6,2.8,1.2,3.47,High,Above Average
565,8.6,3.4,6.4,4.5,1.1,3.18,High,Above Average
566,6.7,3.9,9.3,2.9,1.2,2.78,Moderate,Below Average
567,8.6,2.2,9.7,1.7,1.8,3.07,High,Below Average
568,8.9,2.9,6.9,0.1,5.2,3.26,High,Above Average
569,9.2,0.0,8.5,5.8,0.5,3.08,High,Below Average
570,8.5,3.3,7.7,4.4,0.1,3.2,High,Above Average
571,5.3,2.0,8.6,5.2,2.9,2.89,Low,Below Average
572,7.8,1.6,5.7,5.2,3.7,3.06,High,Below Average
573,5.8,1.2,6.5,5.2,5.3,3.08,Low,Below Average
574,6.3,2.5,7.9,5.0,2.3,3.07,Moderate,Below Average
575,9.5,0.0,8.4,0.3,5.8,3.07,High,Below Average
576,6.5,1.4,8.1,2.0,6.0,3.06,Moderate,Below Average
577,8.7,1.6,5.3,4.7,3.7,3.2,High,Above Average
578,8.4,1.3,5.3,2.2,6.8,2.92,High,Below Average
579,9.7,2.6,8.4,2.1,1.2,3.38,High,Above Average
580,8.8,0.4,6.4,1.7,6.7,3.05,High,Below Average
581,7.2,3.9,5.3,3.1,4.5,3.03,High,Below Average
582,8.7,2.8,7.1,1.9,3.5,3.12,High,Above Average
583,7.0,1.1,6.0,2.9,7.0,2.87,Moderate,Below Average
584,8.3,3.9,8.0,0.3,3.5,3.04,High,Below Average
585,5.4,3.8,6.5,0.6,7.7,3.14,Low,Above Average
586,8.2,1.1,5.1,5.8,3.8,3.5,High,Above Average
587,6.3,2.7,8.5,3.7,2.8,2.72,Moderate,Below Average
588,8.0,3.5,9.7,0.3,2.5,3.02,Moderate,Below Average
589,5.8,3.8,8.7,5.0,0.7,2.95,Low,Below Average
590,8.5,2.7,7.0,0.1,5.7,3.01,High,Below Average
591,7.9,1.0,7.3,5.7,2.1,3.41,Moderate,Above Average
592,5.9,2.7,9.9,0.6,4.9,2.82,Low,Below Average
593,5.0,1.7,5.5,4.5,7.3,2.72,High,Below Average
594,6.3,1.7,8.6,0.1,7.3,3.11,Moderate,Below Average
595,7.9,2.5,8.2,1.3,4.1,3.08,Moderate,Below Average
596,6.0,3.5,8.7,0.1,5.7,2.95,Moderate,Below Average
597,6.2,0.9,6.4,1.5,9.0,2.92,Moderate,Below Average
598,8.7,2.4,8.4,0.4,4.1,3.16,High,Above Average
599,9.8,3.4,9.0,1.5,0.3,3.49,High,Above Average
600,6.0,2.5,8.7,4.4,2.4,3.05,Moderate,Below Average
601,7.6,0.3,6.9,5.5,3.7,3.35,Moderate,Above Average
602,6.3,1.5,9.5,4.0,2.7,3.42,Moderate,Above Average
603,8.9,1.8,8.2,1.3,3.8,3.21,High,Above Average
604,7.2,2.6,9.7,0.3,4.2,3.42,Moderate,Above Average
605,9.1,1.2,7.2,0.1,6.4,3.37,High,Above Average
606,5.3,2.0,9.6,0.6,6.5,2.41,Low,Below Average
607,8.8,1.6,8.3,1.4,3.9,3.26,High,Above Average
608,5.4,0.7,8.3,5.3,4.3,2.75,Low,Below Average
609,9.1,2.7,5.6,1.7,4.9,3.15,High,Above Average
610,7.6,2.1,6.8,2.1,5.4,2.97,Moderate,Below Average
611,9.1,3.2,6.5,4.8,0.4,3.34,High,Above Average
612,6.8,2.0,9.7,4.8,0.7,3.09,Moderate,Below Average
613,5.5,1.6,7.8,3.0,6.1,2.9,Low,Below Average
614,8.4,3.4,9.3,2.2,0.7,3.2,High,Above Average
615,7.2,2.4,5.8,4.0,4.6,3.19,High,Above Average
616,6.1,0.5,5.8,0.0,11.6,2.73,High,Below Average
617,8.6,2.9,7.6,0.8,4.1,3.15,High,Above Average
618,5.5,0.9,7.6,3.6,6.4,2.57,Low,Below Average
619,6.2,0.2,7.0,1.4,9.2,3.13,Moderate,Above Average
620,7.1,1.7,7.7,4.2,3.3,3.48,Moderate,Above Average
621,8.5,0.7,7.5,2.5,4.8,3.34,High,Above Average
622,7.7,0.5,8.0,0.7,7.1,3.34,Moderate,Above Average
623,6.7,0.6,8.5,1.2,7.0,3.18,Moderate,Above Average
624,6.0,2.0,7.1,0.1,8.8,2.85,Moderate,Below Average
625,9.0,0.3,7.4,3.4,3.9,3.64,High,Above Average
626,6.3,0.0,8.6,3.2,5.9,3.14,Moderate,Above Average
627,9.2,3.3,9.2,1.1,1.2,3.6,High,Above Average
628,7.3,0.7,9.3,5.3,1.4,2.97,Moderate,Below Average
629,7.3,0.3,6.9,4.8,4.7,3.09,Moderate,Below Average
630,5.3,3.5,6.9,3.3,5.0,2.81,Low,Below Average
631,9.8,0.3,8.2,0.4,5.3,3.71,High,Above Average
632,7.2,4.0,7.8,1.6,3.4,2.98,Moderate,Below Average
633,6.1,1.4,6.9,0.4,9.2,2.79,Moderate,Below Average
634,8.6,2.6,8.5,0.0,4.3,2.85,High,Below Average
635,6.1,2.6,7.4,0.0,7.9,3.03,Moderate,Below Average
636,7.7,0.3,8.8,3.5,3.7,3.29,Moderate,Above Average
637,8.9,3.0,9.0,1.6,1.5,3.42,High,Above Average
638,8.1,3.0,5.8,1.2,5.9,3.04,High,Below Average
639,9.5,3.0,9.5,1.5,0.5,3.76,High,Above Average
640,9.4,2.3,8.2,0.6,3.5,3.62,High,Above Average
641,7.4,2.9,6.4,1.2,6.1,2.89,Moderate,Below Average
642,6.1,1.7,9.5,3.0,3.7,2.76,Moderate,Below Average
643,5.9,0.3,8.5,2.3,7.0,2.99,Low,Below Average
644,9.0,1.1,8.5,1.4,4.0,3.56,High,Above Average
645,9.7,2.5,6.6,1.4,3.8,3.57,High,Above Average
646,6.1,2.4,6.3,4.0,5.2,2.73,Moderate,Below Average
647,9.1,3.1,8.8,0.6,2.4,3.42,High,Above Average
648,6.8,1.7,5.2,1.6,8.7,2.91,High,Below Average
649,5.2,3.5,6.2,3.3,5.8,2.8,Low,Below Average
650,6.6,3.6,9.4,1.4,3.0,2.94,Moderate,Below Average
651,9.5,4.0,9.1,1.2,0.2,3.52,High,Above Average
652,5.3,0.4,10.0,2.0,6.3,2.49,Low,Below Average
653,8.7,3.2,9.3,2.8,0.0,3.1,High,Below Average
654,5.1,1.4,8.9,3.4,5.2,2.72,Low,Below Average
655,6.6,2.6,6.2,0.1,8.5,3.11,Moderate,Below Average
656,8.8,0.2,9.2,3.6,2.2,3.59,High,Above Average
657,7.8,2.5,9.3,2.6,1.8,3.2,Moderate,Above Average
658,8.8,1.8,8.5,1.9,3.0,3.32,High,Above Average
659,6.1,2.4,9.6,5.5,0.4,2.99,Moderate,Below Average
660,6.1,4.0,9.9,2.6,1.4,2.49,Moderate,Below Average
661,9.0,2.9,8.0,0.2,3.9,3.74,High,Above Average
662,8.4,1.5,9.7,0.7,3.7,3.16,High,Above Average
663,7.5,2.8,8.5,3.4,1.8,2.98,Moderate,Below Average
664,8.2,2.4,5.9,4.2,3.3,3.13,High,Above Average
665,7.3,2.7,9.2,0.8,4.0,3.41,Moderate,Above Average
666,9.2,3.2,9.8,1.0,0.8,3.55,High,Above Average
667,7.4,1.6,5.8,3.4,5.8,3.19,High,Above Average
668,7.9,2.4,6.8,0.3,6.6,3.14,Moderate,Above Average
669,5.2,1.7,5.4,3.6,8.1,2.55,High,Below Average
670,9.3,3.5,6.0,3.8,1.4,3.52,High,Above Average
671,6.4,3.2,10.0,0.1,4.3,3.01,Moderate,Below Average
672,9.9,1.9,9.2,0.2,2.8,3.65,High,Above Average
673,6.7,0.3,9.9,4.9,2.2,2.96,Moderate,Below Average
674,5.4,0.8,6.1,2.8,8.9,2.66,Low,Below Average
675,6.3,0.4,5.8,0.9,10.6,2.93,High,Below Average
676,6.4,3.2,6.6,1.8,6.0,3.06,Moderate,Below Average
677,6.2,0.5,6.3,2.1,8.9,2.84,Moderate,Below Average
678,6.1,3.2,5.7,2.1,6.9,2.95,High,Below Average
679,9.3,0.6,5.4,2.9,5.8,3.51,High,Above Average
680,9.0,0.5,7.9,3.0,3.6,2.99,High,Below Average
681,5.7,2.5,6.4,2.9,6.5,2.84,Low,Below Average
682,6.5,3.3,5.3,2.5,6.4,2.81,High,Below Average
683,7.3,2.9,7.9,3.9,2.0,3.19,Moderate,Above Average
684,6.6,2.2,9.2,5.9,0.1,3.06,Moderate,Below Average
685,9.4,1.5,6.0,2.9,4.2,3.4,High,Above Average
686,7.4,3.4,6.8,5.2,1.2,3.45,Moderate,Above Average
687,7.0,1.3,7.3,4.6,3.8,3.0,Moderate,Below Average
688,9.8,0.7,7.8,3.3,2.4,3.41,High,Above Average
689,7.4,2.6,6.1,3.3,4.6,3.41,Moderate,Above Average
690,5.7,2.3,5.9,1.7,8.4,2.62,High,Below Average
691,6.1,0.7,9.1,1.7,6.4,2.69,Moderate,Below Average
692,6.9,3.2,6.8,0.5,6.6,3.08,Moderate,Below Average
693,7.8,3.4,9.0,0.7,3.1,2.95,Moderate,Below Average
694,6.1,3.5,6.2,1.6,6.6,3.05,Moderate,Below Average
695,5.0,3.5,9.0,3.8,2.7,2.62,Low,Below Average
696,7.3,1.4,5.5,2.9,6.9,3.19,High,Above Average
697,9.6,0.2,6.5,1.2,6.5,3.5,High,Above Average
698,7.3,1.9,8.8,0.9,5.1,3.06,Moderate,Below Average
699,7.4,1.7,8.0,6.0,0.9,3.0,Moderate,Below Average
700,9.1,0.7,5.2,1.2,7.8,3.64,High,Above Average
701,6.7,2.0,8.1,5.5,1.7,3.11,Moderate,Below Average
702,5.3,0.1,7.8,2.6,8.2,3.58,Low,Above Average
703,9.2,0.6,5.1,2.7,6.4,3.27,High,Above Average
704,8.0,1.1,5.9,2.3,6.7,3.27,High,Above Average
705,9.0,1.6,8.8,0.6,4.0,3.2,High,Above Average
706,8.4,2.3,9.6,1.4,2.3,3.41,High,Above Average
707,5.3,0.1,9.1,3.1,6.4,2.65,Low,Below Average
708,6.7,0.1,9.8,4.0,3.4,3.15,Moderate,Above Average
709,9.7,1.1,8.1,3.5,1.6,3.63,High,Above Average
710,9.7,3.5,8.7,0.6,1.5,3.36,High,Above Average
711,6.4,3.9,5.1,4.3,4.3,3.14,High,Above Average
712,10.0,1.2,6.7,0.5,5.6,3.79,High,Above Average
713,7.2,1.0,6.7,5.0,4.1,3.21,Moderate,Above Average
714,5.3,0.4,5.8,3.6,8.9,2.76,High,Below Average
715,5.8,3.9,7.2,3.0,4.1,2.83,Low,Below Average
716,8.3,3.0,8.8,2.3,1.6,2.92,High,Below Average
717,9.5,3.3,8.8,0.1,2.3,3.24,High,Above Average
718,7.0,3.5,9.5,3.6,0.4,3.4,Moderate,Above Average
719,6.6,2.8,6.4,1.1,7.1,2.88,Moderate,Below Average
720,7.1,3.3,5.6,4.4,3.6,2.85,High,Below Average
721,7.7,1.2,7.5,1.8,5.8,2.88,Moderate,Below Average
722,5.8,0.5,7.7,5.4,4.6,3.27,Low,Above Average
723,6.7,2.9,8.3,5.6,0.5,3.06,Moderate,Below Average
724,8.3,3.6,7.0,1.7,3.4,3.5,High,Above Average
725,5.1,3.3,9.0,0.6,6.0,2.54,Low,Below Average
726,5.6,3.9,6.1,0.4,8.0,3.32,Low,Above Average
727,8.0,3.0,5.2,4.0,3.8,3.01,High,Below Average
728,5.9,2.3,6.5,5.6,3.7,2.9,Low,Below Average
729,9.1,3.9,6.3,4.6,0.1,2.98,High,Below Average
730,5.3,0.2,8.5,2.7,7.3,2.62,Low,Below Average
731,6.1,2.5,6.3,3.5,5.6,3.13,Moderate,Above Average
732,9.1,1.9,6.8,2.2,4.0,3.27,High,Above Average
733,9.0,1.3,6.0,0.5,7.2,3.05,High,Below Average
734,9.2,0.9,6.9,4.9,2.1,2.81,High,Below Average
735,9.1,1.5,7.3,1.8,4.3,3.4,High,Above Average
736,7.7,0.1,7.4,2.4,6.4,3.24,Moderate,Above Average
737,5.8,2.6,9.9,3.2,2.5,2.8,Low,Below Average
738,7.1,0.5,8.1,5.6,2.7,3.1,Moderate,Below Average
739,8.3,0.3,6.8,3.3,5.3,3.48,High,Above Average
740,9.1,2.4,6.9,1.4,4.2,3.3,High,Above Average
741,5.5,1.4,7.1,4.1,5.9,2.71,Low,Below Average
742,7.0,0.7,5.8,5.0,5.5,3.09,High,Below Average
743,5.2,1.7,5.8,5.3,6.0,2.48,High,Below Average
744,7.5,2.9,9.8,0.8,3.0,3.19,Moderate,Above Average
745,9.4,3.7,9.6,0.8,0.5,3.16,High,Above Average
746,8.8,2.1,8.4,2.0,2.7,3.66,High,Above Average
747,8.7,3.3,5.7,5.0,1.3,3.55,High,Above Average
748,7.2,1.5,9.6,1.4,4.3,3.11,Moderate,Below Average
749,9.2,1.9,7.6,1.6,3.7,3.02,High,Below Average
750,5.2,1.1,5.0,5.9,6.8,2.93,High,Below Average
751,9.8,1.6,8.6,1.4,2.6,3.68,High,Above Average
752,9.7,1.6,8.9,1.0,2.8,3.57,High,Above Average
753,10.0,0.1,8.0,3.9,2.0,3.35,High,Above Average
754,9.7,0.7,8.1,1.2,4.3,3.53,High,Above Average
755,6.5,2.2,7.1,1.0,7.2,2.91,Moderate,Below Average
756,8.8,3.6,5.4,2.4,3.8,3.08,High,Below Average
757,5.5,0.1,8.3,3.6,6.5,2.73,Low,Below Average
758,5.1,3.3,9.9,0.8,4.9,2.64,Low,Below Average
759,6.2,3.5,9.6,2.0,2.7,2.55,Moderate,Below Average
760,5.1,2.3,5.1,4.7,6.8,3.03,High,Below Average
761,6.5,0.2,7.9,2.4,7.0,2.98,Moderate,Below Average
762,6.4,2.8,6.4,5.4,3.0,3.05,Moderate,Below Average
763,6.9,2.2,5.3,2.6,7.0,3.12,High,Above Average
764,6.1,0.9,9.1,5.6,2.3,3.01,Moderate,Below Average
765,5.5,1.8,6.7,5.2,4.8,2.24,Low,Below Average
766,6.7,1.6,7.6,1.0,7.1,2.93,Moderate,Below Average
767,7.9,3.2,8.8,0.6,3.5,3.09,Moderate,Below Average
768,6.8,1.6,8.4,0.3,6.9,2.88,Moderate,Below Average
769,5.2,1.6,8.5,1.2,7.5,2.52,Low,Below Average
770,9.4,3.6,6.5,1.0,3.5,3.57,High,Above Average
771,7.1,1.0,8.4,5.0,2.5,3.26,Moderate,Above Average
772,7.0,0.6,8.7,2.2,5.5,3.15,Moderate,Above Average
773,8.4,1.1,5.4,6.0,3.1,3.44,High,Above Average
774,9.3,1.2,7.3,3.7,2.5,3.76,High,Above Average
775,7.1,1.7,6.7,3.4,5.1,2.99,Moderate,Below Average
776,9.7,2.8,9.1,1.3,1.1,3.54,High,Above Average
777,8.9,0.1,9.1,0.2,5.7,3.14,High,Above Average
778,8.8,1.0,9.3,0.5,4.4,3.18,High,Above Average
779,5.6,3.9,8.4,5.1,1.0,3.08,Low,Below Average
780,8.0,2.4,8.4,3.0,2.2,2.96,Moderate,Below Average
781,7.1,1.1,8.8,1.4,5.6,2.85,Moderate,Below Average
782,8.1,3.0,6.1,0.4,6.4,3.37,High,Above Average
783,5.7,2.4,9.2,0.3,6.4,2.69,Low,Below Average
784,7.4,3.7,6.7,2.8,3.4,3.36,Moderate,Above Average
785,5.1,0.3,6.3,0.2,12.1,2.55,Low,Below Average
786,7.7,0.7,6.5,4.0,5.1,3.54,Moderate,Above Average
787,9.8,0.2,9.5,2.6,1.9,3.47,High,Above Average
788,5.3,0.4,8.0,2.0,8.3,3.37,Low,Above Average
789,9.6,1.6,5.7,4.3,2.8,3.49,High,Above Average
790,8.5,3.6,9.0,2.0,0.9,2.9,High,Below Average
791,8.4,3.8,6.5,0.0,5.3,3.08,High,Below Average
792,8.3,2.5,8.0,0.1,5.1,3.1,High,Below Average
793,8.6,1.3,8.3,3.2,2.6,3.11,High,Below Average
794,5.5,3.3,9.6,3.6,2.0,2.75,Low,Below Average
795,5.5,1.6,8.6,4.7,3.6,2.64,Low,Below Average
796,6.3,0.1,7.7,5.1,4.8,3.22,Moderate,Above Average
797,9.8,2.3,7.6,0.4,3.9,3.04,High,Below Average
798,8.0,1.6,6.2,0.6,7.6,3.38,Moderate,Above Average
799,6.6,0.4,5.9,5.9,5.2,3.27,High,Above Average
800,9.4,4.0,7.9,2.2,0.5,2.91,High,Below Average
801,6.6,1.2,7.0,4.0,5.2,2.76,Moderate,Below Average
802,5.7,2.5,5.6,3.5,6.7,3.08,High,Below Average
803,8.5,2.8,8.8,3.4,0.5,3.63,High,Above Average
804,8.1,0.7,5.1,1.7,8.4,3.21,High,Above Average
805,7.2,2.5,9.2,1.0,4.1,3.07,Moderate,Below Average
806,7.9,2.2,5.4,0.3,8.2,2.99,High,Below Average
807,5.5,2.3,7.7,1.4,7.1,3.05,Low,Below Average
808,5.2,2.0,8.4,1.5,6.9,2.88,Low,Below Average
809,6.5,2.5,9.5,4.5,1.0,3.29,Moderate,Above Average
810,6.8,2.6,7.3,1.1,6.2,3.13,Moderate,Above Average
811,8.5,2.2,6.8,5.5,1.0,3.07,High,Below Average
812,8.4,1.6,8.8,2.4,2.8,3.51,High,Above Average
813,7.1,3.7,6.3,0.7,6.2,3.15,Moderate,Above Average
814,6.9,0.2,6.7,3.0,7.2,3.05,Moderate,Below Average
815,5.8,2.6,10.0,2.5,3.1,2.64,Low,Below Average
816,5.6,3.5,7.1,2.3,5.5,2.5,Low,Below Average
817,8.3,1.8,8.2,0.4,5.3,3.33,High,Above Average
818,5.8,1.9,8.0,3.5,4.8,2.9,Low,Below Average
819,7.0,1.4,5.6,2.4,7.6,3.15,High,Above Average
820,6.0,0.2,7.8,3.6,6.4,2.75,Moderate,Below Average
821,9.4,2.3,6.7,4.5,1.1,3.25,High,Above Average
822,7.8,3.6,7.0,1.7,3.9,3.19,Moderate,Above Average
823,5.7,0.6,7.2,3.6,6.9,2.96,Low,Below Average
824,9.1,0.3,7.4,3.8,3.4,3.66,High,Above Average
825,9.1,3.1,6.4,5.1,0.3,3.45,High,Above Average
826,7.9,3.7,8.4,1.9,2.1,2.68,Moderate,Below Average
827,9.0,3.8,5.1,5.9,0.2,3.22,High,Above Average
828,7.2,2.6,6.9,0.3,7.0,3.0,Moderate,Below Average
829,8.0,3.6,6.9,1.2,4.3,3.08,Moderate,Below Average
830,9.1,3.3,7.9,1.3,2.4,3.35,High,Above Average
831,9.0,2.2,9.1,2.3,1.4,3.44,High,Above Average
832,7.1,3.8,7.7,3.3,2.1,3.33,Moderate,Above Average
833,6.1,2.5,7.9,1.1,6.4,2.94,Moderate,Below Average
834,8.8,2.1,6.1,4.0,3.0,3.2,High,Above Average
835,5.4,1.8,5.8,1.1,9.9,2.71,High,Below Average
836,5.3,1.6,7.6,2.9,6.6,2.54,Low,Below Average
837,6.9,3.4,5.7,3.0,5.0,3.37,High,Above Average
838,9.4,2.2,9.8,0.1,2.5,3.79,High,Above Average
839,5.5,0.2,5.9,3.2,9.2,2.74,High,Below Average
840,9.7,3.4,6.5,0.3,4.1,3.48,High,Above Average
841,5.8,0.5,5.6,3.1,9.0,2.73,High,Below Average
842,9.9,2.7,9.7,0.2,1.5,3.23,High,Above Average
843,6.9,2.2,5.4,0.0,9.5,3.27,High,Above Average
844,7.1,2.0,7.1,0.1,7.7,3.34,Moderate,Above Average
845,6.7,0.7,5.5,5.7,5.4,3.31,High,Above Average
846,6.6,1.6,6.2,0.6,9.0,3.12,Moderate,Above Average
847,5.9,3.2,8.4,3.3,3.2,3.05,Low,Below Average
848,5.4,1.1,6.7,4.7,6.1,2.8,Low,Below Average
849,10.0,1.0,9.4,3.0,0.6,3.4,High,Above Average
850,7.0,3.9,5.9,4.8,2.4,2.78,High,Below Average
851,6.7,2.9,7.1,3.5,3.8,3.09,Moderate,Below Average
852,9.3,0.2,8.5,0.8,5.2,3.49,High,Above Average
853,7.1,2.2,7.0,3.1,4.6,2.87,Moderate,Below Average
854,5.7,0.6,9.7,5.3,2.7,3.18,Low,Above Average
855,9.5,4.0,6.0,1.6,2.9,3.39,High,Above Average
856,7.1,1.4,8.0,3.5,4.0,3.48,Moderate,Above Average
857,5.8,1.9,7.8,3.4,5.1,3.01,Low,Below Average
858,5.1,1.4,8.9,3.4,5.2,2.6,Low,Below Average
859,6.3,2.8,7.8,4.8,2.3,3.08,Moderate,Below Average
860,7.4,0.5,6.3,2.5,7.3,3.4,Moderate,Above Average
861,8.0,2.1,6.4,0.0,7.5,2.83,Moderate,Below Average
862,8.7,0.1,7.9,5.6,1.7,3.3,High,Above Average
863,5.9,1.9,5.5,3.8,6.9,2.45,High,Below Average
864,7.6,3.6,6.0,0.1,6.7,3.38,Moderate,Above Average
865,9.3,2.3,9.5,1.7,1.2,3.34,High,Above Average
866,8.7,3.7,7.9,0.7,3.0,3.57,High,Above Average
867,6.3,0.8,6.2,1.8,8.9,3.37,Moderate,Above Average
868,7.1,2.5,5.4,0.5,8.5,3.33,High,Above Average
869,5.9,2.1,6.1,1.7,8.2,3.13,Low,Above Average
870,5.1,2.6,8.3,4.8,3.2,2.69,Low,Below Average
871,9.7,0.1,5.8,5.3,3.1,3.92,High,Above Average
872,8.3,2.7,9.7,3.3,0.0,2.95,High,Below Average
873,8.6,1.1,9.4,0.2,4.7,3.36,High,Above Average
874,6.3,0.9,5.7,5.2,5.9,2.9,High,Below Average
875,7.5,2.7,6.2,4.5,3.1,2.97,Moderate,Below Average
876,7.1,0.8,9.9,3.9,2.3,3.28,Moderate,Above Average
877,9.7,1.2,8.9,3.2,1.0,3.26,High,Above Average
878,8.4,2.9,7.9,1.0,3.8,3.2,High,Above Average
879,7.5,1.2,7.1,3.9,4.3,2.96,Moderate,Below Average
880,7.0,1.1,6.0,4.7,5.2,3.2,Moderate,Above Average
881,9.5,1.5,8.8,3.8,0.4,3.36,High,Above Average
882,9.8,1.5,6.7,0.4,5.6,3.54,High,Above Average
883,7.4,0.4,6.2,1.9,8.1,3.16,Moderate,Above Average
884,6.5,3.4,9.3,3.7,1.1,3.02,Moderate,Below Average
885,5.7,2.8,9.7,4.0,1.8,2.86,Low,Below Average
886,8.2,2.0,5.6,1.9,6.3,2.81,High,Below Average
887,9.0,3.4,5.7,5.6,0.3,3.59,High,Above Average
888,8.8,3.2,9.7,0.7,1.6,3.07,High,Below Average
889,9.3,0.5,8.5,4.2,1.5,3.17,High,Above Average
890,9.4,0.7,5.3,4.3,4.3,3.57,High,Above Average
891,7.4,3.4,6.9,1.0,5.3,3.15,Moderate,Above Average
892,5.9,2.9,7.6,3.6,4.0,3.13,Low,Above Average
893,7.3,3.3,9.1,3.1,1.2,3.34,Moderate,Above Average
894,6.8,3.5,8.6,0.6,4.5,3.23,Moderate,Above Average
895,7.0,3.5,5.2,5.8,2.5,3.26,High,Above Average
896,6.4,1.0,9.7,1.8,5.1,3.25,Moderate,Above Average
897,8.9,1.6,5.7,0.1,7.7,3.42,High,Above Average
898,6.8,1.4,6.7,3.1,6.0,3.03,Moderate,Below Average
899,7.2,3.5,7.5,2.9,2.9,3.04,Moderate,Below Average
900,8.3,2.4,7.1,2.5,3.7,3.22,High,Above Average
901,8.9,0.8,9.1,3.4,1.8,3.1,High,Below Average
902,6.3,3.0,7.6,1.9,5.2,2.48,Moderate,Below Average
903,8.0,4.0,7.2,4.4,0.4,3.11,Moderate,Below Average
904,6.0,1.7,6.1,0.0,10.2,2.87,Moderate,Below Average
905,9.6,3.4,8.7,0.4,1.9,3.5,High,Above Average
906,7.2,0.5,7.6,2.1,6.6,3.11,Moderate,Below Average
907,6.9,2.5,8.6,0.7,5.3,3.29,Moderate,Above Average
908,6.7,1.8,8.4,3.1,4.0,2.92,Moderate,Below Average
909,9.3,3.5,5.0,4.7,1.5,3.45,High,Above Average
910,7.4,3.9,8.8,1.0,2.9,3.11,Moderate,Below Average
911,7.7,4.0,9.3,0.3,2.7,2.96,Moderate,Below Average
912,5.0,1.6,6.2,4.9,6.3,3.01,Low,Below Average
913,6.7,3.3,5.0,1.8,7.2,2.85,High,Below Average
914,5.3,0.7,7.8,1.7,8.5,2.64,Low,Below Average
915,7.1,1.5,9.4,5.4,0.6,2.65,Moderate,Below Average
916,5.5,3.8,5.3,1.8,7.6,2.81,High,Below Average
917,6.5,1.3,5.8,4.7,5.7,3.04,High,Below Average
918,5.6,0.3,9.5,1.1,7.5,2.66,Low,Below Average
919,9.1,2.2,5.4,5.7,1.6,3.48,High,Above Average
920,5.8,3.4,5.1,3.1,6.6,2.79,High,Below Average
921,8.8,3.7,9.5,1.6,0.4,3.29,High,Above Average
922,6.4,1.2,6.9,2.4,7.1,3.0,Moderate,Below Average
923,7.7,0.6,8.5,1.0,6.2,3.16,Moderate,Above Average
924,9.0,3.0,8.2,0.6,3.2,2.96,High,Below Average
925,7.7,0.3,6.9,2.5,6.6,3.08,Moderate,Below Average
926,5.9,1.6,9.7,0.8,6.0,2.86,Low,Below Average
927,8.8,0.4,9.9,1.9,3.0,3.19,High,Above Average
928,8.1,0.8,5.7,5.6,3.8,3.45,High,Above Average
929,9.6,3.5,8.1,2.3,0.5,3.4,High,Above Average
930,6.6,2.5,6.8,0.9,7.2,2.88,Moderate,Below Average
931,8.0,3.3,6.9,0.8,5.0,3.08,Moderate,Below Average
932,6.5,2.6,8.0,4.2,2.7,2.83,Moderate,Below Average
933,6.8,3.3,6.0,2.8,5.1,2.92,Moderate,Below Average
934,5.5,3.5,6.7,4.1,4.2,2.92,Low,Below Average
935,5.1,2.8,6.6,0.3,9.2,2.49,Low,Below Average
936,6.9,0.3,5.7,1.8,9.3,3.15,High,Above Average
937,5.4,3.6,5.0,2.9,7.1,2.74,High,Below Average
938,9.6,0.6,9.8,0.8,3.2,3.29,High,Above Average
939,8.7,2.2,9.4,2.0,1.7,3.03,High,Below Average
940,5.8,3.7,6.6,2.2,5.7,2.9,Low,Below Average
941,8.8,1.4,9.8,3.0,1.0,3.51,High,Above Average
942,5.2,1.0,7.3,1.4,9.1,2.83,Low,Below Average
943,8.7,3.7,7.1,1.5,3.0,3.29,High,Above Average
944,7.4,1.4,9.5,3.2,2.5,3.22,Moderate,Above Average
945,8.8,3.2,6.7,2.3,3.0,3.24,High,Above Average
946,9.0,3.8,8.1,2.3,0.8,3.55,High,Above Average
947,9.0,3.4,7.0,0.2,4.4,3.68,High,Above Average
948,7.3,3.0,6.8,3.8,3.1,2.91,Moderate,Below Average
949,5.9,3.0,7.7,1.2,6.2,3.09,Low,Below Average
950,7.4,0.9,9.8,4.2,1.7,2.94,Moderate,Below Average
951,9.8,1.7,7.4,4.6,0.5,3.84,High,Above Average
952,6.3,1.8,5.6,1.2,9.1,2.99,High,Below Average
953,5.0,0.2,9.9,1.5,7.4,2.94,Low,Below Average
954,7.8,0.6,8.6,3.6,3.4,3.26,Moderate,Above Average
955,8.7,3.1,9.9,1.3,1.0,3.55,High,Above Average
956,5.3,3.6,5.6,2.0,7.5,2.53,High,Below Average
957,9.1,2.4,7.0,2.6,2.9,3.28,High,Above Average
958,9.3,0.4,8.9,4.6,0.8,3.58,High,Above Average
959,5.9,1.7,5.8,4.2,6.4,3.32,High,Above Average
960,6.0,0.8,5.2,1.9,10.1,3.01,High,Below Average
961,7.8,3.4,8.3,2.0,2.5,3.18,Moderate,Above Average
962,6.3,0.2,8.6,0.7,8.2,3.1,Moderate,Below Average
963,6.5,2.1,7.8,3.6,4.0,2.9,Moderate,Below Average
964,8.1,3.9,8.6,3.1,0.3,2.99,High,Below Average
965,8.8,2.4,6.0,4.0,2.8,3.59,High,Above Average
966,7.4,2.1,6.7,3.1,4.7,3.44,Moderate,Above Average
967,6.0,3.2,5.9,0.5,8.4,3.28,High,Above Average
968,7.2,1.1,7.8,2.1,5.8,2.93,Moderate,Below Average
969,9.7,3.7,7.5,1.0,2.1,3.04,High,Below Average
970,9.6,0.0,7.8,4.4,2.2,3.38,High,Above Average
971,7.4,0.3,9.9,3.1,3.3,2.84,Moderate,Below Average
972,7.4,1.7,5.4,0.6,8.9,3.23,High,Above Average
973,9.2,1.0,6.0,3.0,4.8,3.18,High,Above Average
974,5.2,0.2,9.2,0.7,8.7,2.82,Low,Below Average
975,5.2,1.8,9.2,1.6,6.2,2.68,Low,Below Average
976,7.2,2.3,7.9,2.0,4.6,3.06,Moderate,Below Average
977,6.6,0.4,6.8,0.6,9.6,3.31,Moderate,Above Average
978,6.4,2.5,7.3,2.9,4.9,3.12,Moderate,Above Average
979,8.8,1.1,6.6,5.5,2.0,3.32,High,Above Average
980,9.6,2.4,7.7,1.1,3.2,3.3,High,Above Average
981,6.7,3.4,7.8,3.1,3.0,2.98,Moderate,Below Average
982,8.0,0.3,8.4,5.6,1.7,3.28,Moderate,Above Average
983,7.9,0.5,7.9,4.6,3.1,3.38,Moderate,Above Average
984,8.2,3.6,8.1,0.5,3.6,3.18,High,Above Average
985,6.5,0.8,9.5,4.6,2.6,2.74,Moderate,Below Average
986,5.9,3.0,7.4,1.4,6.3,3.1,Low,Below Average
987,8.1,0.2,6.6,2.8,6.3,3.14,High,Above Average
988,6.0,3.1,7.1,3.4,4.4,2.84,Moderate,Below Average
989,5.1,0.1,7.2,4.9,6.7,2.94,Low,Below Average
990,6.9,3.3,5.7,5.6,2.5,3.05,High,Below Average
991,8.8,3.8,8.4,1.1,1.9,3.3,High,Above Average
992,6.7,2.8,8.8,5.3,0.4,3.05,Moderate,Below Average
993,6.0,3.2,8.7,0.4,5.7,2.6,Moderate,Below Average
994,6.5,3.9,8.2,3.9,1.5,2.82,Moderate,Below Average
995,9.9,1.5,9.0,1.6,2.0,3.44,High,Above Average
996,9.7,0.9,6.6,4.5,2.3,3.5,High,Above Average
997,7.0,2.4,7.2,4.5,2.9,3.0,Moderate,Below Average
998,5.8,1.4,7.0,0.3,9.5,2.49,Low,Below Average
999,7.9,3.5,5.8,3.6,3.2,3.01,High,Below Average
1000,8.5,1.6,7.5,0.0,6.4,3.63,High,Above Average
1001,8.5,2.6,5.2,2.2,5.5,3.26,High,Above Average
1002,7.5,3.6,8.6,2.5,1.8,3.19,Moderate,Above Average
1003,9.0,3.5,7.3,2.0,2.2,3.43,High,Above Average
1004,8.5,0.3,9.3,2.8,3.1,3.26,High,Above Average
1005,5.3,2.2,7.1,5.3,4.1,2.9,Low,Below Average
1006,7.8,0.2,9.9,3.1,3.0,3.07,Moderate,Below Average
1007,6.5,1.9,9.3,1.8,4.5,2.92,Moderate,Below Average
1008,6.5,3.1,7.4,1.4,5.6,2.93,Moderate,Below Average
1009,5.8,1.3,9.7,2.1,5.1,2.87,Low,Below Average
1010,5.9,3.6,7.3,4.3,2.9,2.95,Low,Below Average
1011,9.9,0.2,5.5,4.3,4.1,3.32,High,Above Average
1012,5.2,0.1,8.9,0.8,9.0,2.66,Low,Below Average
1013,7.3,2.4,7.1,0.2,7.0,3.17,Moderate,Above Average
1014,7.2,2.1,7.4,2.3,5.0,3.13,Moderate,Above Average
1015,9.4,3.6,6.7,2.6,1.7,2.81,High,Below Average
1016,6.4,3.8,5.7,3.5,4.6,3.07,High,Below Average
1017,6.4,1.1,7.0,6.0,3.5,2.98,Moderate,Below Average
1018,5.4,0.6,7.2,3.1,7.7,2.68,Low,Below Average
1019,6.3,1.3,5.4,1.8,9.2,3.1,High,Below Average
1020,9.5,0.0,9.1,5.1,0.3,3.05,High,Below Average
1021,5.5,0.6,9.8,3.2,4.9,3.2,Low,Above Average
1022,8.7,4.0,6.4,2.6,2.3,3.21,High,Above Average
1023,7.7,1.6,5.8,5.9,3.0,3.15,High,Above Average
1024,8.0,0.9,7.7,4.2,3.2,3.44,Moderate,Above Average
1025,7.6,4.0,8.1,1.6,2.7,3.02,Moderate,Below Average
1026,6.9,1.4,7.2,4.7,3.8,3.14,Moderate,Above Average
1027,7.4,3.2,7.9,1.9,3.6,2.99,Moderate,Below Average
1028,6.1,2.0,6.3,0.1,9.5,3.05,Moderate,Below Average
1029,8.2,2.0,7.2,5.8,0.8,3.45,High,Above Average
1030,5.7,2.3,9.3,3.5,3.2,2.9,Low,Below Average
1031,8.6,1.5,5.5,2.7,5.7,3.49,High,Above Average
1032,6.2,3.9,9.8,1.0,3.1,2.87,Moderate,Below Average
1033,6.7,3.6,9.8,1.7,2.2,3.06,Moderate,Below Average
1034,8.4,1.1,8.7,0.3,5.5,2.86,High,Below Average
1035,5.2,1.5,6.8,1.9,8.6,2.38,Low,Below Average
1036,6.0,1.2,9.9,2.5,4.4,2.88,Moderate,Below Average
1037,7.2,2.3,9.9,1.1,3.5,3.31,Moderate,Above Average
1038,8.0,0.4,8.4,0.4,6.8,3.39,Moderate,Above Average
1039,8.0,3.0,6.1,5.0,1.9,2.9,Moderate,Below Average
1040,5.7,3.8,5.4,1.2,7.9,2.81,High,Below Average
1041,6.7,2.5,7.7,0.8,6.3,2.81,Moderate,Below Average
1042,6.1,1.6,8.5,1.3,6.5,2.76,Moderate,Below Average
1043,6.8,1.6,9.9,5.4,0.3,2.89,Moderate,Below Average
1044,5.3,1.3,6.3,3.0,8.1,2.94,Low,Below Average
1045,8.9,3.4,9.2,0.9,1.6,3.11,High,Below Average
1046,5.3,2.8,5.0,2.5,8.4,3.02,High,Below Average
1047,6.6,2.8,8.8,1.8,4.0,2.87,Moderate,Below Average
1048,7.2,2.9,8.5,5.3,0.1,3.26,Moderate,Above Average
1049,6.1,2.6,8.0,5.5,1.8,3.01,Moderate,Below Average
1050,7.8,1.1,7.4,2.0,5.7,3.04,Moderate,Below Average
1051,7.9,3.6,7.8,3.0,1.7,3.05,Moderate,Below Average
1052,6.2,2.0,6.6,1.1,8.1,2.94,Moderate,Below Average
1053,7.5,1.3,6.3,2.8,6.1,3.21,Moderate,Above Average
1054,5.5,3.1,9.0,4.6,1.8,2.97,Low,Below Average
1055,5.6,2.6,9.2,3.5,3.1,2.72,Low,Below Average
1056,7.6,0.1,8.2,0.5,7.6,3.56,Moderate,Above Average
1057,7.2,1.2,7.7,0.8,7.1,3.28,Moderate,Above Average
1058,5.8,0.4,5.7,5.3,6.8,3.0,High,Below Average
1059,7.6,1.9,5.5,3.9,5.1,3.17,High,Above Average
1060,8.1,0.3,5.6,0.3,9.7,3.25,High,Above Average
1061,6.3,0.5,6.3,2.3,8.6,2.97,Moderate,Below Average
1062,9.2,2.8,5.6,4.4,2.0,3.5,High,Above Average
1063,6.4,2.6,6.7,6.0,2.3,2.78,Moderate,Below Average
1064,9.7,0.1,8.5,4.1,1.6,3.26,High,Above Average
1065,9.2,3.9,9.9,0.1,0.9,3.48,High,Above Average
1066,8.2,0.5,8.3,5.9,1.1,3.44,High,Above Average
1067,9.6,1.8,5.2,2.2,5.2,3.55,High,Above Average
1068,7.3,0.2,7.1,2.8,6.6,3.27,Moderate,Above Average
1069,9.6,2.6,6.6,2.7,2.5,3.37,High,Above Average
1070,6.8,2.7,8.3,4.3,1.9,2.58,Moderate,Below Average
1071,6.3,1.3,5.6,3.9,6.9,2.97,High,Below Average
1072,9.3,3.6,7.2,1.8,2.1,3.3,High,Above Average
1073,5.4,2.7,9.1,1.5,5.3,3.04,Low,Below Average
1074,9.4,1.0,7.8,1.1,4.7,3.36,High,Above Average
1075,5.5,3.6,9.1,4.4,1.4,2.44,Low,Below Average
1076,7.7,0.4,8.8,3.5,3.6,3.0,Moderate,Below Average
1077,5.9,0.8,5.9,0.3,11.1,3.11,High,Below Average
1078,5.1,0.2,7.9,4.9,5.9,2.82,Low,Below Average
1079,6.6,1.4,8.0,1.6,6.4,3.23,Moderate,Above Average
1080,8.7,2.7,6.0,2.1,4.5,3.67,High,Above Average
1081,5.6,0.5,8.4,5.2,4.3,2.86,Low,Below Average
1082,5.9,0.4,9.1,3.5,5.1,2.96,Low,Below Average
1083,8.1,3.1,8.5,3.6,0.7,3.12,High,Above Average
1084,8.2,1.3,9.8,0.2,4.5,3.38,High,Above Average
1085,7.9,0.7,8.6,1.1,5.7,3.18,Moderate,Above Average
1086,9.6,0.8,5.7,4.6,3.3,3.12,High,Above Average
1087,7.5,3.6,5.7,3.9,3.3,3.01,High,Below Average
1088,8.4,2.4,8.8,1.4,3.0,3.17,High,Above Average
1089,7.2,1.6,9.9,1.5,3.8,2.89,Moderate,Below Average
1090,7.8,1.0,9.6,1.5,4.1,2.9,Moderate,Below Average
1091,9.5,0.4,8.3,5.3,0.5,3.56,High,Above Average
1092,8.4,1.2,5.9,1.8,6.7,3.25,High,Above Average
1093,5.5,0.6,5.5,2.5,9.9,2.74,High,Below Average
1094,5.7,2.6,6.0,0.6,9.1,2.92,Low,Below Average
1095,5.8,3.7,9.1,1.9,3.5,2.97,Low,Below Average
1096,8.4,2.7,8.1,1.3,3.5,3.68,High,Above Average
1097,5.2,1.8,9.5,3.4,4.1,2.88,Low,Below Average
1098,8.4,3.9,9.9,1.2,0.6,3.08,High,Below Average
1099,6.2,3.2,5.5,4.7,4.4,2.89,High,Below Average
1100,8.2,1.7,7.2,1.9,5.0,3.38,High,Above Average
1101,8.8,3.7,9.7,0.3,1.5,3.39,High,Above Average
1102,6.3,0.3,6.3,5.5,5.6,3.06,Moderate,Below Average
1103,8.2,2.9,6.3,4.3,2.3,3.21,High,Above Average
1104,8.1,0.6,9.1,1.4,4.8,3.15,High,Above Average
1105,8.3,1.6,8.0,0.6,5.5,3.4,High,Above Average
1106,10.0,0.8,6.3,4.0,2.9,3.39,High,Above Average
1107,9.8,3.7,7.5,2.4,0.6,3.35,High,Above Average
1108,6.4,3.3,6.9,0.5,6.9,2.9,Moderate,Below Average
1109,6.7,3.9,8.1,2.2,3.1,2.89,Moderate,Below Average
1110,5.4,0.2,5.6,3.5,9.3,2.98,High,Below Average
1111,9.6,2.0,9.2,1.4,1.8,3.64,High,Above Average
1112,5.9,1.4,8.2,0.4,8.1,3.07,Low,Below Average
1113,6.8,2.1,10.0,2.4,2.7,2.96,Moderate,Below Average
1114,9.0,2.4,9.4,1.3,1.9,3.61,High,Above Average
1115,8.0,2.5,7.1,0.9,5.5,3.13,Moderate,Above Average
1116,6.1,2.9,6.6,3.0,5.4,3.01,Moderate,Below Average
1117,5.8,3.8,9.3,4.4,0.7,3.16,Low,Above Average
1118,5.7,0.0,5.1,3.5,9.7,2.75,High,Below Average
1119,7.3,2.1,5.0,2.5,7.1,3.0,High,Below Average
1120,8.7,0.9,9.1,3.1,2.2,3.65,High,Above Average
1121,6.1,0.9,8.1,5.0,3.9,2.61,Moderate,Below Average
1122,9.3,2.7,7.2,2.3,2.5,3.29,High,Above Average
1123,6.0,2.5,6.8,6.0,2.7,2.5,Moderate,Below Average
1124,7.8,3.7,9.0,1.6,1.9,2.6,Moderate,Below Average
1125,8.6,2.3,7.5,1.1,4.5,2.97,High,Below Average
1126,9.6,1.3,9.8,1.8,1.5,3.39,High,Above Average
1127,8.2,2.2,5.6,2.3,5.7,3.28,High,Above Average
1128,7.2,3.1,6.1,1.0,6.6,2.92,Moderate,Below Average
1129,7.0,3.7,8.6,2.0,2.7,2.88,Moderate,Below Average
1130,9.9,2.7,6.4,2.9,2.1,3.49,High,Above Average
1131,5.5,3.9,5.9,3.9,4.8,2.99,High,Below Average
1132,8.9,2.7,8.1,3.8,0.5,3.14,High,Above Average
1133,5.4,1.3,6.2,5.9,5.2,3.1,Low,Below Average
1134,8.4,0.8,6.2,1.7,6.9,3.12,High,Above Average
1135,7.1,0.9,5.1,5.3,5.6,3.05,High,Below Average
1136,6.7,0.0,8.4,5.0,3.9,3.05,Moderate,Below Average
1137,5.7,0.6,9.0,3.7,5.0,2.88,Low,Below Average
1138,6.5,1.5,8.8,4.9,2.3,2.88,Moderate,Below Average
1139,7.0,3.8,7.0,4.6,1.6,3.24,Moderate,Above Average
1140,9.5,0.3,9.7,3.7,0.8,3.42,High,Above Average
1141,9.0,0.8,9.0,4.4,0.8,3.37,High,Above Average
1142,5.2,0.6,7.7,3.5,7.0,2.77,Low,Below Average
1143,8.2,0.1,9.8,0.3,5.6,3.37,High,Above Average
1144,8.3,3.3,5.1,3.3,4.0,3.27,High,Above Average
1145,7.3,2.0,5.4,4.1,5.2,3.41,High,Above Average
1146,7.4,0.6,8.2,1.0,6.8,3.11,Moderate,Below Average
1147,9.4,2.5,5.8,5.8,0.5,3.25,High,Above Average
1148,8.1,1.0,9.0,4.8,1.1,3.22,High,Above Average
1149,9.9,2.0,7.3,3.6,1.2,3.51,High,Above Average
1150,7.7,0.4,7.1,5.1,3.7,2.94,Moderate,Below Average
1151,9.3,0.4,5.5,1.6,7.2,3.29,High,Above Average
1152,8.1,1.4,8.9,1.3,4.3,3.27,High,Above Average
1153,8.2,0.9,8.6,5.2,1.1,3.03,High,Below Average
1154,7.1,0.6,8.5,4.6,3.2,3.11,Moderate,Below Average
1155,5.5,2.0,9.1,5.6,1.8,2.95,Low,Below Average
1156,7.7,1.6,9.2,2.7,2.8,3.16,Moderate,Above Average
1157,7.4,2.0,9.2,4.5,0.9,2.77,Moderate,Below Average
1158,7.5,2.3,6.2,4.8,3.2,2.93,Moderate,Below Average
1159,7.4,1.3,5.5,1.4,8.4,3.09,High,Below Average
1160,5.8,1.8,6.5,0.2,9.7,2.92,Low,Below Average
1161,6.6,2.2,7.8,2.1,5.3,3.09,Moderate,Below Average
1162,6.9,1.0,6.2,2.7,7.2,3.02,Moderate,Below Average
1163,8.8,0.8,8.5,0.1,5.8,3.61,High,Above Average
1164,6.7,2.3,6.0,4.5,4.5,2.92,Moderate,Below Average
1165,5.3,3.4,6.0,5.2,4.1,3.06,Low,Below Average
1166,6.6,3.6,5.6,1.1,7.1,2.82,High,Below Average
1167,7.5,0.3,6.0,5.7,4.5,3.11,Moderate,Below Average
1168,9.6,2.2,6.3,4.1,1.8,3.49,High,Above Average
1169,8.3,4.0,6.3,3.6,1.8,3.36,High,Above Average
1170,7.5,1.2,5.8,1.7,7.8,3.25,High,Above Average
1171,6.9,3.0,7.7,0.5,5.9,3.17,Moderate,Above Average
1172,8.2,3.2,7.3,1.9,3.4,3.2,High,Above Average
1173,5.5,3.5,8.9,1.0,5.1,2.3,Low,Below Average
1174,8.1,3.8,7.9,2.3,1.9,3.72,High,Above Average
1175,5.3,0.3,5.9,0.2,12.3,2.97,High,Below Average
1176,5.7,3.3,5.8,1.8,7.4,3.04,High,Below Average
1177,6.2,1.5,6.3,2.9,7.1,2.97,Moderate,Below Average
1178,5.3,0.6,5.3,3.8,9.0,2.79,High,Below Average
1179,5.3,3.3,7.6,3.2,4.6,2.55,Low,Below Average
1180,6.0,1.3,8.0,1.3,7.4,2.95,Moderate,Below Average
1181,5.6,3.9,5.1,4.8,4.6,2.7,High,Below Average
1182,5.7,0.6,8.5,3.9,5.3,3.05,Low,Below Average
1183,8.9,3.7,8.5,0.5,2.4,3.46,High,Above Average
1184,6.0,0.3,8.5,2.4,6.8,2.81,Moderate,Below Average
1185,9.6,2.6,5.5,5.7,0.6,3.28,High,Above Average
1186,7.0,0.2,7.5,0.7,8.6,2.81,Moderate,Below Average
1187,7.0,1.4,8.9,4.8,1.9,2.97,Moderate,Below Average
1188,6.9,0.6,9.0,4.2,3.3,2.83,Moderate,Below Average
1189,6.0,1.5,5.5,3.8,7.2,2.8,High,Below Average
1190,7.9,3.6,7.8,0.8,3.9,3.45,Moderate,Above Average
1191,6.9,3.4,8.2,3.6,1.9,3.37,Moderate,Above Average
1192,8.8,2.4,5.8,4.8,2.2,3.38,High,Above Average
1193,8.6,0.3,7.3,1.0,6.8,3.51,High,Above Average
1194,8.1,2.7,9.2,0.9,3.1,2.78,High,Below Average
1195,5.6,3.4,5.8,5.8,3.4,2.84,High,Below Average
1196,9.9,0.4,6.5,3.8,3.4,3.73,High,Above Average
1197,6.8,3.7,5.3,3.3,4.9,3.37,High,Above Average
1198,6.3,1.5,9.2,1.2,5.8,3.15,Moderate,Above Average
1199,9.1,2.3,8.8,2.7,1.1,3.43,High,Above Average
1200,9.3,1.7,9.8,1.4,1.8,3.12,High,Above Average
1201,5.7,1.6,9.8,1.9,5.0,2.72,Low,Below Average
1202,8.6,1.2,8.9,2.3,3.0,3.24,High,Above Average
1203,7.4,3.1,6.9,2.7,3.9,2.82,Moderate,Below Average
1204,7.6,3.2,6.8,3.1,3.3,2.87,Moderate,Below Average
1205,8.4,1.1,6.4,5.6,2.5,3.37,High,Above Average
1206,8.2,0.1,8.1,3.1,4.5,3.56,High,Above Average
1207,7.7,1.4,5.4,1.2,8.3,3.13,High,Above Average
1208,7.3,0.2,5.2,4.3,7.0,3.21,High,Above Average
1209,7.7,2.0,6.2,4.5,3.6,3.07,Moderate,Below Average
1210,7.3,1.1,6.2,3.9,5.5,3.0,Moderate,Below Average
1211,8.3,3.3,7.1,0.4,4.9,3.56,High,Above Average
1212,5.0,2.1,5.2,3.4,8.3,2.9,High,Below Average
1213,9.6,3.9,7.7,1.3,1.5,3.47,High,Above Average
1214,5.3,1.9,6.2,2.8,7.8,2.87,Low,Below Average
1215,7.3,2.3,6.8,1.0,6.6,3.35,Moderate,Above Average
1216,8.3,1.4,9.7,4.2,0.4,3.25,High,Above Average
1217,6.0,0.2,8.7,5.0,4.1,3.04,Moderate,Below Average
1218,5.1,1.0,7.3,3.8,6.8,3.24,Low,Above Average
1219,7.8,3.0,6.4,3.4,3.4,3.14,Moderate,Above Average
1220,8.8,2.8,10.0,0.7,1.7,3.16,High,Above Average
1221,7.5,1.3,7.2,5.1,2.9,3.27,Moderate,Above Average
1222,6.0,3.5,5.3,5.3,3.9,2.97,High,Below Average
1223,6.6,1.3,7.6,5.6,2.9,2.96,Moderate,Below Average
1224,9.3,1.6,6.0,2.5,4.6,3.31,High,Above Average
1225,6.9,3.7,8.8,2.3,2.3,3.03,Moderate,Below Average
1226,5.3,1.0,7.2,0.9,9.6,2.85,Low,Below Average
1227,9.7,3.1,6.3,2.9,2.0,3.5,High,Above Average
1228,9.4,2.1,8.9,2.0,1.6,3.43,High,Above Average
1229,7.8,0.5,5.6,3.2,6.9,3.36,High,Above Average
1230,9.8,1.9,5.3,3.3,3.7,3.93,High,Above Average
1231,9.2,4.0,7.2,1.2,2.4,3.1,High,Below Average
1232,5.2,1.4,6.3,4.1,7.0,3.12,Low,Above Average
1233,9.7,1.1,9.1,0.2,3.9,3.3,High,Above Average
1234,9.7,3.1,8.3,2.4,0.5,3.47,High,Above Average
1235,8.2,3.9,8.6,3.1,0.2,3.02,High,Below Average
1236,7.6,0.5,8.0,2.9,5.0,3.15,Moderate,Above Average
1237,8.1,0.0,6.0,2.9,7.0,3.19,High,Above Average
1238,7.1,2.9,8.0,1.8,4.2,3.17,Moderate,Above Average
1239,7.1,0.9,9.8,0.8,5.4,3.01,Moderate,Below Average
1240,6.1,3.1,6.0,0.5,8.3,2.9,Moderate,Below Average
1241,7.4,0.0,5.4,4.8,6.4,3.14,High,Above Average
1242,9.3,2.7,5.3,4.7,2.0,3.41,High,Above Average
1243,9.2,3.2,7.5,1.0,3.1,3.48,High,Above Average
1244,9.9,0.6,6.1,1.3,6.1,3.63,High,Above Average
1245,9.0,0.7,5.3,6.0,3.0,3.56,High,Above Average
1246,7.8,3.6,9.6,0.0,3.0,3.09,Moderate,Below Average
1247,5.4,1.0,8.3,5.3,4.0,3.27,Low,Above Average
1248,5.9,3.2,9.8,1.4,3.7,2.71,Low,Below Average
1249,7.5,0.3,7.8,3.0,5.4,3.09,Moderate,Below Average
1250,6.7,2.1,7.9,0.1,7.2,2.78,Moderate,Below Average
1251,8.8,2.9,6.8,0.3,5.2,3.17,High,Above Average
1252,5.9,2.3,5.8,2.1,7.9,2.66,High,Below Average
1253,8.5,2.2,6.9,2.5,3.9,3.25,High,Above Average
1254,5.4,3.5,5.4,4.2,5.5,2.81,High,Below Average
1255,9.6,1.1,6.9,3.4,3.0,3.37,High,Above Average
1256,8.3,1.6,7.4,0.3,6.4,3.29,High,Above Average
1257,6.0,3.2,7.3,1.8,5.7,3.11,Moderate,Below Average
1258,8.7,1.1,5.6,1.5,7.1,3.24,High,Above Average
1259,9.6,2.3,7.7,2.6,1.8,3.67,High,Above Average
1260,7.6,0.5,5.6,3.2,7.1,3.04,High,Below Average
1261,9.7,1.2,9.3,2.9,0.9,3.51,High,Above Average
1262,6.0,1.5,7.5,4.4,4.6,2.8,Moderate,Below Average
1263,5.6,1.6,7.4,3.2,6.2,2.75,Low,Below Average
1264,9.0,2.8,7.8,3.1,1.3,3.43,High,Above Average
1265,7.1,0.6,8.3,3.1,4.9,2.79,Moderate,Below Average
1266,9.5,2.3,5.4,2.7,4.1,3.67,High,Above Average
1267,8.8,3.2,7.5,4.0,0.5,3.2,High,Above Average
1268,9.5,3.6,8.4,2.1,0.4,3.11,High,Below Average
1269,5.4,3.5,6.6,1.1,7.4,2.72,Low,Below Average
1270,6.3,1.3,5.7,1.8,8.9,2.65,High,Below Average
1271,7.9,1.8,6.7,4.5,3.1,3.24,Moderate,Above Average
1272,6.7,3.0,5.8,0.8,7.7,3.09,High,Below Average
1273,6.7,3.2,6.2,0.4,7.5,2.74,Moderate,Below Average
1274,7.8,2.1,8.3,1.4,4.4,3.31,Moderate,Above Average
1275,9.3,1.2,8.5,0.1,4.9,3.1,High,Below Average
1276,7.7,0.3,9.0,1.3,5.7,2.9,Moderate,Below Average
1277,8.4,3.2,7.8,3.4,1.2,3.02,High,Below Average
1278,9.0,1.2,7.9,4.4,1.5,3.62,High,Above Average
1279,6.9,1.2,7.3,4.9,3.7,3.05,Moderate,Below Average
1280,8.3,3.6,5.5,1.4,5.2,3.4,High,Above Average
1281,8.5,3.3,9.3,1.2,1.7,3.25,High,Above Average
1282,6.2,1.2,8.9,0.5,7.2,2.76,Moderate,Below Average
1283,9.1,1.7,8.0,0.5,4.7,3.23,High,Above Average
1284,9.8,3.2,7.3,0.8,2.9,3.42,High,Above Average
1285,9.7,1.4,5.8,3.4,3.7,3.67,High,Above Average
1286,7.4,4.0,8.4,0.3,3.9,3.15,Moderate,Above Average
1287,10.0,1.6,6.4,3.3,2.7,3.39,High,Above Average
1288,5.0,1.8,9.2,3.4,4.6,2.7,Low,Below Average
1289,10.0,1.1,6.4,1.0,5.5,3.4,High,Above Average
1290,9.0,3.6,9.9,0.3,1.2,3.19,High,Above Average
1291,9.4,1.3,5.6,5.2,2.5,3.2,High,Above Average
1292,7.1,1.1,8.7,2.7,4.4,3.15,Moderate,Above Average
1293,9.9,0.2,6.8,2.9,4.2,3.09,High,Below Average
1294,8.6,3.5,9.7,1.8,0.4,3.3,High,Above Average
1295,9.3,2.2,9.1,1.0,2.4,3.07,High,Below Average
1296,7.3,1.1,9.8,1.8,4.0,2.91,Moderate,Below Average
1297,5.5,2.1,5.3,0.7,10.4,2.79,High,Below Average
1298,7.2,3.2,8.7,2.1,2.8,2.78,Moderate,Below Average
1299,6.7,1.3,8.9,0.3,6.8,2.79,Moderate,Below Average
1300,6.2,3.7,9.3,3.4,1.4,2.92,Moderate,Below Average
1301,7.4,2.1,9.9,4.4,0.2,3.23,Moderate,Above Average
1302,6.0,0.9,8.4,2.4,6.3,2.79,Moderate,Below Average
1303,9.7,0.4,7.6,5.5,0.8,3.73,High,Above Average
1304,5.8,3.9,9.6,0.8,3.9,2.57,Low,Below Average
1305,5.6,0.3,9.5,1.2,7.4,2.57,Low,Below Average
1306,8.0,0.3,6.1,5.6,4.0,2.76,Moderate,Below Average
1307,9.5,3.1,5.1,2.0,4.3,3.14,High,Above Average
1308,9.5,2.5,5.4,5.5,1.1,3.59,High,Above Average
1309,9.8,0.3,7.7,1.8,4.4,3.23,High,Above Average
1310,7.9,3.8,7.5,0.4,4.4,3.11,Moderate,Below Average
1311,8.1,1.4,9.3,2.3,2.9,3.11,High,Below Average
1312,8.8,1.1,8.8,1.1,4.2,3.22,High,Above Average
1313,6.6,1.9,9.7,5.4,0.4,2.88,Moderate,Below Average
1314,5.7,2.0,7.3,5.4,3.6,2.62,Low,Below Average
1315,9.7,1.5,7.5,4.8,0.5,3.3,High,Above Average
1316,6.1,0.8,5.2,3.9,8.0,2.56,High,Below Average
1317,6.3,0.2,6.2,4.8,6.5,2.93,Moderate,Below Average
1318,7.1,3.9,6.0,1.3,5.7,3.3,Moderate,Above Average
1319,6.5,0.7,6.9,5.5,4.4,2.71,Moderate,Below Average
1320,9.7,0.2,6.1,3.4,4.6,3.81,High,Above Average
1321,8.1,0.2,7.0,3.9,4.8,3.41,High,Above Average
1322,6.6,0.4,7.1,0.8,9.1,3.27,Moderate,Above Average
1323,9.7,1.9,6.6,4.4,1.4,3.06,High,Below Average
1324,9.1,3.5,8.4,0.1,2.9,3.36,High,Above Average
1325,7.8,3.1,5.7,1.4,6.0,3.14,High,Above Average
1326,7.2,0.0,9.1,2.2,5.5,3.41,Moderate,Above Average
1327,7.7,2.7,8.5,4.9,0.2,2.68,Moderate,Below Average
1328,9.8,2.6,6.5,0.6,4.5,3.62,High,Above Average
1329,9.2,1.4,8.3,2.4,2.7,3.47,High,Above Average
1330,5.3,1.7,7.7,2.6,6.7,2.54,Low,Below Average
1331,8.7,3.3,8.9,0.1,3.0,3.34,High,Above Average
1332,9.7,3.3,9.2,0.5,1.3,3.18,High,Above Average
1333,7.1,1.9,5.8,0.2,9.0,3.02,High,Below Average
1334,9.6,2.3,8.3,3.5,0.3,3.41,High,Above Average
1335,6.7,2.5,5.2,1.1,8.5,3.11,High,Below Average
1336,6.8,1.5,7.7,0.0,8.0,3.15,Moderate,Above Average
1337,6.2,0.8,6.3,4.8,5.9,2.76,Moderate,Below Average
1338,7.5,3.5,6.2,0.5,6.3,3.0,Moderate,Below Average
1339,6.8,3.0,7.8,4.9,1.5,2.99,Moderate,Below Average
1340,5.2,3.9,6.9,0.9,7.1,3.28,Low,Above Average
1341,8.3,1.1,7.9,3.5,3.2,3.49,High,Above Average
1342,6.3,1.8,7.7,4.0,4.2,2.91,Moderate,Below Average
1343,8.9,1.6,8.2,0.8,4.5,3.3,High,Above Average
1344,8.6,0.1,6.0,2.9,6.4,3.42,High,Above Average
1345,9.4,2.1,9.6,1.4,1.5,3.2,High,Above Average
1346,9.0,1.0,9.5,4.1,0.4,3.34,High,Above Average
1347,9.7,2.1,8.4,3.0,0.8,3.51,High,Above Average
1348,5.2,2.0,5.8,1.1,9.9,2.58,High,Below Average
1349,6.8,1.7,8.1,0.4,7.0,2.75,Moderate,Below Average
1350,7.9,2.5,7.8,4.3,1.5,3.19,Moderate,Above Average
1351,6.7,3.1,7.2,2.9,4.1,3.24,Moderate,Above Average
1352,6.5,0.3,5.5,5.5,6.2,3.28,High,Above Average
1353,8.4,0.5,6.8,3.6,4.7,3.34,High,Above Average
1354,5.0,0.8,9.8,3.7,4.7,2.69,Low,Below Average
1355,6.3,0.3,5.1,1.5,10.8,2.9,High,Below Average
1356,8.6,3.7,7.0,0.9,3.8,3.48,High,Above Average
1357,7.6,3.6,9.0,0.3,3.5,3.27,Moderate,Above Average
1358,9.5,0.5,7.7,5.3,1.0,3.78,High,Above Average
1359,7.1,1.9,5.4,1.7,7.9,3.14,High,Above Average
1360,6.4,1.8,8.4,1.0,6.4,2.93,Moderate,Below Average
1361,7.4,3.0,9.3,2.7,1.6,2.95,Moderate,Below Average
1362,9.7,0.5,8.9,1.3,3.6,3.53,High,Above Average
1363,9.7,2.9,8.8,0.6,2.0,3.87,High,Above Average
1364,8.8,0.4,9.8,4.5,0.5,3.12,High,Above Average
1365,6.4,3.3,7.6,2.8,3.9,3.11,Moderate,Below Average
1366,8.6,1.6,8.1,4.0,1.7,2.94,High,Below Average
1367,8.6,0.2,9.3,2.7,3.2,3.11,High,Below Average
1368,7.4,3.5,6.9,4.5,1.7,2.95,Moderate,Below Average
1369,5.5,1.9,10.0,4.6,2.0,2.83,Low,Below Average
1370,6.2,1.6,8.9,4.6,2.7,2.63,Moderate,Below Average
1371,6.1,3.7,8.0,2.3,3.9,3.41,Moderate,Above Average
1372,7.8,1.9,7.5,1.1,5.7,3.18,Moderate,Above Average
1373,9.1,2.2,5.7,4.6,2.4,3.17,High,Above Average
1374,7.6,0.5,9.7,1.1,5.1,3.07,Moderate,Below Average
1375,6.3,1.6,6.9,4.8,4.4,2.69,Moderate,Below Average
1376,6.3,2.0,5.7,3.7,6.3,2.91,High,Below Average
1377,7.8,2.9,9.7,3.3,0.3,3.09,Moderate,Below Average
1378,9.5,3.9,9.3,0.1,1.2,3.28,High,Above Average
1379,9.7,1.7,5.0,2.7,4.9,3.47,High,Above Average
1380,6.7,1.9,8.1,5.2,2.1,2.88,Moderate,Below Average
1381,8.3,1.7,9.1,4.4,0.5,3.26,High,Above Average
1382,6.4,0.2,8.3,5.2,3.9,2.75,Moderate,Below Average
1383,5.8,3.2,9.3,5.2,0.5,2.96,Low,Below Average
1384,6.6,2.2,5.3,0.3,9.6,2.94,High,Below Average
1385,8.6,1.8,6.3,1.1,6.2,3.2,High,Above Average
1386,7.4,1.4,6.6,5.8,2.8,2.87,Moderate,Below Average
1387,8.2,0.1,7.2,5.3,3.2,3.12,High,Above Average
1388,8.8,2.4,7.9,0.3,4.6,3.26,High,Above Average
1389,5.7,2.5,6.0,3.0,6.8,2.5,Low,Below Average
1390,9.7,3.4,8.6,0.2,2.1,3.53,High,Above Average
1391,5.5,2.0,5.8,5.9,4.8,2.82,High,Below Average
1392,6.8,2.6,5.6,2.6,6.4,2.77,High,Below Average
1393,6.4,3.6,5.2,5.5,3.3,2.86,High,Below Average
1394,8.9,0.1,9.8,2.7,2.5,3.51,High,Above Average
1395,6.5,1.5,5.3,5.9,4.8,3.0,High,Below Average
1396,7.2,3.8,6.2,3.2,3.6,3.02,Moderate,Below Average
1397,7.4,2.8,5.3,1.2,7.3,3.25,High,Above Average
1398,5.9,2.3,6.1,5.2,4.5,2.72,Low,Below Average
1399,9.7,2.1,6.8,1.3,4.1,3.55,High,Above Average
1400,9.7,1.6,8.5,2.1,2.1,3.87,High,Above Average
1401,7.6,1.1,7.3,2.8,5.2,3.2,Moderate,Above Average
1402,6.6,0.2,7.5,3.3,6.4,3.02,Moderate,Below Average
1403,5.8,3.0,9.9,5.0,0.3,2.93,Low,Below Average
1404,8.5,1.8,7.7,5.1,0.9,3.23,High,Above Average
1405,7.4,1.5,7.5,3.5,4.1,3.33,Moderate,Above Average
1406,5.5,2.4,5.6,0.5,10.0,3.11,High,Below Average
1407,7.6,1.6,7.9,0.5,6.4,2.89,Moderate,Below Average
1408,9.9,2.2,8.4,1.1,2.4,3.43,High,Above Average
1409,5.5,3.9,6.4,2.5,5.7,2.8,Low,Below Average
1410,9.1,2.1,6.4,0.4,6.0,3.37,High,Above Average
1411,5.8,3.6,8.4,1.5,4.7,2.91,Low,Below Average
1412,7.9,1.6,6.8,1.3,6.4,3.1,Moderate,Below Average
1413,8.3,3.9,5.9,3.5,2.4,2.95,High,Below Average
1414,6.3,3.3,7.4,3.3,3.7,2.52,Moderate,Below Average
1415,6.5,0.7,5.4,4.3,7.1,3.1,High,Below Average
1416,7.0,1.7,7.3,2.2,5.8,2.85,Moderate,Below Average
1417,5.5,1.2,8.3,4.0,5.0,2.76,Low,Below Average
1418,6.0,0.8,5.1,5.4,6.7,2.54,High,Below Average
1419,6.1,0.9,6.4,0.8,9.8,2.79,Moderate,Below Average
1420,5.7,2.6,6.7,4.2,4.8,2.9,Low,Below Average
1421,7.8,1.0,8.3,0.7,6.2,2.69,Moderate,Below Average
1422,6.3,2.4,9.4,5.9,0.0,3.22,Moderate,Above Average
1423,8.0,1.6,6.1,1.5,6.8,2.75,Moderate,Below Average
1424,9.6,1.5,6.9,2.3,3.7,3.37,High,Above Average
1425,9.2,2.6,8.1,1.4,2.7,3.39,High,Above Average
1426,7.0,2.0,8.3,0.1,6.6,3.27,Moderate,Above Average
1427,9.4,1.8,6.7,0.8,5.3,3.37,High,Above Average
1428,7.0,2.7,7.1,5.8,1.4,2.47,Moderate,Below Average
1429,8.0,3.2,5.5,2.4,4.9,3.36,High,Above Average
1430,9.3,0.3,5.4,5.1,3.9,3.02,High,Below Average
1431,6.1,2.7,7.7,5.0,2.5,3.04,Moderate,Below Average
1432,7.1,1.3,8.0,5.6,2.0,3.08,Moderate,Below Average
1433,9.2,4.0,5.1,0.6,5.1,3.62,High,Above Average
1434,6.4,1.0,8.9,0.3,7.4,3.04,Moderate,Below Average
1435,6.8,2.0,7.8,4.4,3.0,3.27,Moderate,Above Average
1436,7.9,2.2,8.2,1.5,4.2,2.87,Moderate,Below Average
1437,5.4,0.5,6.1,3.0,9.0,2.91,Low,Below Average
1438,8.9,1.4,7.0,2.4,4.3,3.5,High,Above Average
1439,6.0,0.2,8.0,5.9,3.9,2.76,Moderate,Below Average
1440,9.1,2.8,9.7,1.0,1.4,3.53,High,Above Average
1441,8.3,1.9,8.2,2.5,3.1,3.25,High,Above Average
1442,7.6,3.2,8.7,3.0,1.5,2.86,Moderate,Below Average
1443,5.6,2.9,7.5,5.4,2.6,2.98,Low,Below Average
1444,5.7,3.0,5.0,1.0,9.3,2.42,High,Below Average
1445,7.9,2.9,9.6,2.5,1.1,2.99,Moderate,Below Average
1446,5.0,0.5,7.7,4.1,6.7,3.07,Low,Below Average
1447,7.1,2.9,7.6,0.4,6.0,3.15,Moderate,Above Average
1448,8.6,3.6,5.6,5.9,0.3,3.21,High,Above Average
1449,6.0,0.0,10.0,1.7,6.3,2.7,Moderate,Below Average
1450,7.9,3.6,6.6,4.0,1.9,3.29,Moderate,Above Average
1451,5.9,2.5,6.7,1.3,7.6,2.7,Low,Below Average
1452,9.5,1.6,6.2,2.7,4.0,3.32,High,Above Average
1453,6.6,3.0,9.9,2.0,2.5,3.03,Moderate,Below Average
1454,5.8,2.8,7.6,3.9,3.9,3.09,Low,Below Average
1455,9.4,1.8,9.5,2.5,0.8,3.91,High,Above Average
1456,6.6,3.9,8.3,0.2,5.0,2.93,Moderate,Below Average
1457,6.6,2.5,5.3,0.1,9.5,2.6,High,Below Average
1458,7.2,1.1,5.8,4.1,5.8,2.96,High,Below Average
1459,7.6,0.8,6.6,3.6,5.4,3.3,Moderate,Above Average
1460,8.6,2.7,7.4,3.4,1.9,3.45,High,Above Average
1461,5.2,2.5,8.9,3.0,4.4,2.51,Low,Below Average
1462,8.2,2.8,9.4,1.2,2.4,3.06,High,Below Average
1463,8.8,2.2,9.4,1.9,1.7,3.85,High,Above Average
1464,8.7,3.9,5.4,0.3,5.7,3.42,High,Above Average
1465,9.7,2.1,8.1,2.0,2.1,3.49,High,Above Average
1466,8.7,1.2,6.5,5.0,2.6,3.25,High,Above Average
1467,5.4,3.5,6.3,3.6,5.2,2.85,Low,Below Average
1468,7.1,2.8,6.7,1.7,5.7,3.16,Moderate,Above Average
1469,10.0,3.0,8.2,1.0,1.8,3.81,High,Above Average
1470,7.7,3.4,5.2,2.2,5.5,3.22,High,Above Average
1471,6.2,1.8,5.4,5.7,4.9,2.98,High,Below Average
1472,7.8,3.7,5.0,4.5,3.0,3.16,High,Above Average
1473,9.5,0.6,5.5,2.5,5.9,3.44,High,Above Average
1474,7.6,0.6,5.0,4.9,5.9,3.29,High,Above Average
1475,5.4,2.5,9.6,1.3,5.2,2.69,Low,Below Average
1476,8.0,0.7,8.7,1.8,4.8,3.25,Moderate,Above Average
1477,7.3,2.4,5.9,4.4,4.0,3.3,High,Above Average
1478,5.8,2.8,5.6,2.6,7.2,2.62,High,Below Average
1479,6.2,3.0,6.3,5.3,3.2,2.91,Moderate,Below Average
1480,8.1,0.4,7.0,4.3,4.2,3.24,High,Above Average
1481,8.3,2.5,6.4,2.3,4.5,3.31,High,Above Average
1482,7.5,2.8,6.2,1.9,5.6,3.02,Moderate,Below Average
1483,6.7,0.1,6.7,4.8,5.7,3.01,Moderate,Below Average
1484,7.3,0.1,9.4,0.1,7.1,3.29,Moderate,Above Average
1485,9.7,2.0,6.7,5.2,0.4,3.47,High,Above Average
1486,7.7,0.9,7.1,3.9,4.4,3.08,Moderate,Below Average
1487,8.6,0.0,9.7,0.9,4.8,3.14,High,Above Average
1488,5.2,0.5,9.9,1.9,6.5,2.61,Low,Below Average
1489,5.6,0.4,8.6,5.1,4.3,2.81,Low,Below Average
1490,6.1,2.1,6.3,5.6,3.9,2.73,Moderate,Below Average
1491,9.5,2.3,6.8,2.1,3.3,3.74,High,Above Average
1492,7.3,3.4,9.7,1.2,2.4,2.97,Moderate,Below Average
1493,7.8,0.4,6.0,2.5,7.3,3.24,Moderate,Above Average
1494,5.8,1.8,8.0,4.2,4.2,2.82,Low,Below Average
1495,6.9,3.5,7.8,2.5,3.3,3.02,Moderate,Below Average
1496,9.1,2.5,9.2,1.6,1.6,3.22,High,Above Average
1497,5.6,0.1,6.5,4.2,7.6,2.71,Low,Below Average
1498,7.5,1.7,7.1,1.4,6.3,3.32,Moderate,Above Average
1499,5.7,0.8,5.3,1.2,11.0,2.74,High,Below Average
1500,6.8,0.0,9.2,0.2,7.8,2.8,Moderate,Below Average
1501,9.7,3.6,7.7,1.6,1.4,3.22,High,Above Average
1502,8.2,0.2,5.3,2.7,7.6,3.55,High,Above Average
1503,7.7,3.6,5.5,4.9,2.3,3.06,High,Below Average
1504,6.6,1.6,5.8,3.0,7.0,2.73,High,Below Average
1505,9.0,1.8,7.5,4.8,0.9,3.33,High,Above Average
1506,6.3,3.5,7.9,1.3,5.0,3.32,Moderate,Above Average
1507,6.3,3.2,5.2,6.0,3.3,3.0,High,Below Average
1508,7.0,2.0,9.4,2.3,3.3,2.98,Moderate,Below Average
1509,7.7,0.2,5.0,1.5,9.6,3.0,High,Below Average
1510,5.6,1.6,8.2,4.3,4.3,2.91,Low,Below Average
1511,5.9,0.3,9.7,1.6,6.5,2.76,Low,Below Average
1512,9.1,3.1,8.0,1.3,2.5,3.46,High,Above Average
1513,6.3,0.5,7.5,3.5,6.2,2.87,Moderate,Below Average
1514,6.8,2.6,9.5,0.8,4.3,2.58,Moderate,Below Average
1515,6.9,0.6,8.1,4.4,4.0,3.0,Moderate,Below Average
1516,9.8,0.3,8.0,0.3,5.6,3.53,High,Above Average
1517,9.5,2.1,8.3,3.4,0.7,3.35,High,Above Average
1518,5.6,1.9,8.0,0.2,8.3,2.99,Low,Below Average
1519,6.4,0.1,7.1,5.4,5.0,2.72,Moderate,Below Average
1520,9.6,3.0,8.7,1.9,0.8,3.45,High,Above Average
1521,6.0,0.8,8.4,1.3,7.5,3.19,Moderate,Above Average
1522,8.9,1.8,9.0,3.6,0.7,3.27,High,Above Average
1523,8.3,0.9,6.4,1.9,6.5,3.18,High,Above Average
1524,6.0,1.8,9.5,0.6,6.1,2.78,Moderate,Below Average
1525,8.6,2.7,5.5,5.5,1.7,2.9,High,Below Average
1526,8.8,1.0,8.5,0.2,5.5,3.52,High,Above Average
1527,9.2,1.8,8.2,1.1,3.7,3.6,High,Above Average
1528,7.4,2.5,7.3,5.4,1.4,3.25,Moderate,Above Average
1529,7.5,3.4,9.0,1.7,2.4,3.03,Moderate,Below Average
1530,9.1,0.9,7.6,4.8,1.6,3.08,High,Below Average
1531,6.8,2.6,6.2,0.7,7.7,3.0,Moderate,Below Average
1532,6.4,3.4,6.7,5.8,1.7,2.98,Moderate,Below Average
1533,9.9,1.1,5.2,4.2,3.6,3.3,High,Above Average
1534,8.5,0.1,9.4,0.8,5.2,3.25,High,Above Average
1535,5.6,0.7,9.8,4.2,3.7,2.75,Low,Below Average
1536,6.7,0.9,7.4,3.3,5.7,3.26,Moderate,Above Average
1537,8.2,1.0,9.7,0.9,4.2,2.81,High,Below Average
1538,7.2,2.3,7.2,2.5,4.8,3.03,Moderate,Below Average
1539,8.7,2.7,9.2,0.8,2.6,3.58,High,Above Average
1540,6.8,1.9,6.6,0.9,7.8,3.38,Moderate,Above Average
1541,6.1,0.4,8.4,4.0,5.1,2.88,Moderate,Below Average
1542,7.9,3.9,7.7,4.1,0.4,3.4,Moderate,Above Average
1543,5.4,0.8,7.2,3.5,7.1,2.71,Low,Below Average
1544,9.0,2.4,6.0,3.0,3.6,3.32,High,Above Average
1545,8.7,3.1,7.5,1.4,3.3,2.99,High,Below Average
1546,8.7,1.0,5.9,3.2,5.2,3.17,High,Above Average
1547,6.4,2.5,5.6,3.9,5.6,2.89,High,Below Average
1548,8.9,2.4,9.9,1.0,1.8,3.44,High,Above Average
1549,8.4,0.3,7.0,5.8,2.5,2.9,High,Below Average
1550,5.6,2.8,8.2,2.2,5.2,2.91,Low,Below Average
1551,9.8,0.1,6.5,5.5,2.1,3.24,High,Above Average
1552,7.7,3.3,5.5,5.7,1.8,2.99,High,Below Average
1553,9.0,0.7,8.6,2.2,3.5,3.62,High,Above Average
1554,9.8,0.5,7.1,2.9,3.7,3.38,High,Above Average
1555,6.9,1.5,5.3,4.1,6.2,2.77,High,Below Average
1556,9.1,3.2,7.4,1.3,3.0,3.31,High,Above Average
1557,8.2,1.2,6.2,4.4,4.0,3.08,High,Below Average
1558,6.2,3.7,7.6,2.2,4.3,2.84,Moderate,Below Average
1559,9.4,1.6,6.7,1.2,5.1,3.11,High,Below Average
1560,8.4,1.2,7.9,0.4,6.1,3.06,High,Below Average
1561,6.0,1.6,9.7,2.3,4.4,2.66,Moderate,Below Average
1562,5.6,0.2,6.5,0.9,10.8,3.0,Low,Below Average
1563,5.9,3.0,5.1,3.3,6.7,2.91,High,Below Average
1564,7.8,1.3,6.5,4.4,4.0,2.69,Moderate,Below Average
1565,9.4,0.8,5.5,5.4,2.9,3.55,High,Above Average
1566,6.8,0.5,7.9,3.2,5.6,2.61,Moderate,Below Average
1567,6.0,1.8,9.0,3.5,3.7,2.92,Moderate,Below Average
1568,8.5,3.2,8.1,0.6,3.6,3.09,High,Below Average
1569,8.6,2.7,5.1,2.5,5.1,3.54,High,Above Average
1570,6.1,2.4,9.6,4.7,1.2,2.67,Moderate,Below Average
1571,9.6,3.9,5.1,3.4,2.0,3.65,High,Above Average
1572,6.3,3.9,8.1,4.5,1.2,2.89,Moderate,Below Average
1573,5.4,0.7,8.8,0.1,9.0,2.57,Low,Below Average
1574,8.1,2.8,6.7,0.6,5.8,3.5,High,Above Average
1575,5.3,2.4,7.6,4.5,4.2,2.25,Low,Below Average
1576,7.0,0.1,6.7,5.9,4.3,3.12,Moderate,Above Average
1577,9.4,1.3,7.9,4.6,0.8,3.34,High,Above Average
1578,5.4,2.0,9.8,4.2,2.6,2.8,Low,Below Average
1579,5.4,0.8,8.9,5.0,3.9,3.12,Low,Above Average
1580,5.1,3.3,8.9,1.6,5.1,3.02,Low,Below Average
1581,8.5,0.9,5.2,1.2,8.2,3.17,High,Above Average
1582,7.1,2.0,7.4,1.6,5.9,2.86,Moderate,Below Average
1583,5.1,2.4,7.0,1.8,7.7,2.84,Low,Below Average
1584,9.3,2.0,5.7,4.2,2.8,3.51,High,Above Average
1585,6.0,1.8,5.3,5.0,5.9,2.88,High,Below Average
1586,8.7,2.5,9.0,1.6,2.2,3.53,High,Above Average
1587,8.9,1.8,9.7,1.8,1.8,3.63,High,Above Average
1588,9.1,2.2,5.9,2.8,4.0,3.33,High,Above Average
1589,9.8,3.0,9.1,0.1,2.0,3.9,High,Above Average
1590,9.2,0.2,9.3,2.9,2.4,3.29,High,Above Average
1591,6.0,1.3,6.4,3.2,7.1,2.84,Moderate,Below Average
1592,6.2,1.8,7.6,4.6,3.8,2.98,Moderate,Below Average
1593,7.2,3.2,8.1,0.6,4.9,3.04,Moderate,Below Average
1594,7.0,3.0,7.9,2.3,3.8,2.81,Moderate,Below Average
1595,5.9,0.9,7.9,2.5,6.8,2.63,Low,Below Average
1596,8.3,3.4,6.3,2.9,3.1,3.26,High,Above Average
1597,9.9,1.3,8.0,0.4,4.4,3.33,High,Above Average
1598,9.8,2.9,8.9,1.7,0.7,3.51,High,Above Average
1599,7.9,1.8,9.3,4.8,0.2,3.34,Moderate,Above Average
1600,7.9,2.2,7.3,1.3,5.3,3.18,Moderate,Above Average
1601,5.0,1.0,7.5,2.3,8.2,2.82,Low,Below Average
1602,6.8,1.8,5.7,0.3,9.4,3.01,High,Below Average
1603,8.9,2.3,8.8,0.6,3.4,3.02,High,Below Average
1604,6.1,0.0,5.7,1.9,10.3,3.01,High,Below Average
1605,5.6,3.9,6.5,0.8,7.2,2.92,Low,Below Average
1606,5.3,3.4,9.8,1.4,4.1,2.53,Low,Below Average
1607,7.3,0.1,8.2,2.5,5.9,2.92,Moderate,Below Average
1608,8.3,1.7,5.9,4.1,4.0,3.11,High,Below Average
1609,7.8,3.4,5.6,4.7,2.5,3.02,High,Below Average
1610,8.5,1.8,9.7,0.6,3.4,3.34,High,Above Average
1611,8.2,1.5,9.8,1.5,3.0,3.4,High,Above Average
1612,10.0,1.0,7.2,3.0,2.8,3.37,High,Above Average
1613,6.5,0.1,6.1,1.7,9.6,2.72,Moderate,Below Average
1614,9.4,2.8,5.4,3.9,2.5,3.37,High,Above Average
1615,8.3,3.8,5.0,1.5,5.4,3.43,High,Above Average
1616,5.5,2.1,6.2,1.1,9.1,2.98,Low,Below Average
1617,9.1,0.5,7.3,5.6,1.5,3.37,High,Above Average
1618,5.9,1.3,7.1,1.9,7.8,2.91,Low,Below Average
1619,6.4,3.9,5.8,4.4,3.5,2.91,High,Below Average
1620,5.9,2.6,8.6,4.1,2.8,2.98,Low,Below Average
1621,6.6,1.0,9.8,5.5,1.1,3.23,Moderate,Above Average
1622,7.3,1.7,5.8,2.6,6.6,3.07,High,Below Average
1623,7.7,0.1,7.2,4.7,4.3,3.37,Moderate,Above Average
1624,9.5,0.1,7.8,4.7,1.9,3.71,High,Above Average
1625,7.7,1.3,5.7,5.3,4.0,3.36,High,Above Average
1626,7.9,2.7,9.0,2.9,1.5,3.17,Moderate,Above Average
1627,7.0,2.1,9.0,2.2,3.7,2.89,Moderate,Below Average
1628,9.6,0.4,8.2,2.4,3.4,3.4,High,Above Average
1629,7.0,2.7,5.3,3.6,5.4,3.17,High,Above Average
1630,5.9,3.6,8.3,5.3,0.9,2.99,Low,Below Average
1631,7.4,2.2,9.6,4.3,0.5,2.77,Moderate,Below Average
1632,7.0,1.6,6.4,1.6,7.4,2.97,Moderate,Below Average
1633,9.3,0.3,8.4,1.0,5.0,3.29,High,Above Average
1634,6.3,3.1,9.4,1.2,4.0,2.91,Moderate,Below Average
1635,7.3,1.9,9.4,4.1,1.3,3.51,Moderate,Above Average
1636,9.2,0.0,7.0,5.4,2.4,3.41,High,Above Average
1637,8.7,2.2,7.6,1.9,3.6,3.73,High,Above Average
1638,7.1,2.9,9.3,0.7,4.0,3.12,Moderate,Above Average
1639,7.3,1.6,8.4,1.5,5.2,3.27,Moderate,Above Average
1640,7.1,3.6,10.0,0.4,2.9,3.13,Moderate,Above Average
1641,6.2,3.8,9.8,0.4,3.8,3.17,Moderate,Above Average
1642,5.1,2.4,6.4,5.2,4.9,2.77,Low,Below Average
1643,6.4,2.7,8.4,1.3,5.2,2.94,Moderate,Below Average
1644,6.4,3.2,9.0,2.5,2.9,2.87,Moderate,Below Average
1645,8.0,2.4,9.1,1.9,2.6,3.01,Moderate,Below Average
1646,7.7,1.8,7.2,0.5,6.8,2.97,Moderate,Below Average
1647,8.6,0.9,6.0,2.5,6.0,3.38,High,Above Average
1648,6.9,1.8,7.7,1.2,6.4,2.75,Moderate,Below Average
1649,5.8,3.5,7.2,2.5,5.0,2.87,Low,Below Average
1650,7.8,2.2,8.5,1.0,4.5,3.06,Moderate,Below Average
1651,6.3,3.2,9.7,0.7,4.1,2.65,Moderate,Below Average
1652,5.3,1.3,5.7,4.3,7.4,2.79,High,Below Average
1653,7.7,0.6,5.0,4.8,5.9,3.23,High,Above Average
1654,6.7,2.3,6.6,0.5,7.9,2.77,Moderate,Below Average
1655,6.1,0.8,7.1,3.9,6.1,3.4,Moderate,Above Average
1656,9.8,2.4,7.4,2.5,1.9,3.56,High,Above Average
1657,9.6,3.3,6.6,1.1,3.4,3.45,High,Above Average
1658,8.7,2.0,5.3,4.3,3.7,2.96,High,Below Average
1659,9.0,1.2,8.3,2.3,3.2,3.74,High,Above Average
1660,9.4,2.0,6.6,4.5,1.5,3.46,High,Above Average
1661,6.1,1.6,9.3,4.3,2.7,2.65,Moderate,Below Average
1662,6.8,1.1,5.9,4.5,5.7,2.93,High,Below Average
1663,6.3,1.8,6.9,5.9,3.1,2.8,Moderate,Below Average
1664,5.4,2.4,8.0,2.5,5.7,2.77,Low,Below Average
1665,7.2,0.2,7.6,3.0,6.0,2.83,Moderate,Below Average
1666,6.3,0.7,9.8,5.1,2.1,3.03,Moderate,Below Average
1667,6.2,1.3,6.0,3.0,7.5,3.12,Moderate,Above Average
1668,5.8,3.2,9.0,0.8,5.2,2.88,Low,Below Average
1669,7.0,0.7,6.3,1.6,8.4,2.63,Moderate,Below Average
1670,9.7,0.5,9.9,0.9,3.0,3.72,High,Above Average
1671,8.9,1.4,5.7,5.1,2.9,3.55,High,Above Average
1672,7.8,1.9,7.5,4.4,2.4,2.91,Moderate,Below Average
1673,5.4,2.7,9.5,0.3,6.1,2.9,Low,Below Average
1674,7.2,1.6,5.7,3.0,6.5,2.94,High,Below Average
1675,5.6,1.9,8.8,1.5,6.2,2.89,Low,Below Average
1676,8.4,3.4,7.1,3.9,1.2,3.26,High,Above Average
1677,5.2,0.5,6.0,2.4,9.9,2.69,Low,Below Average
1678,8.3,2.8,7.9,1.8,3.2,3.44,High,Above Average
1679,7.9,1.4,5.4,6.0,3.3,3.11,High,Below Average
1680,8.3,1.3,7.0,1.6,5.8,3.39,High,Above Average
1681,6.7,1.6,8.6,3.1,4.0,3.54,Moderate,Above Average
1682,9.6,0.2,7.9,5.1,1.2,3.46,High,Above Average
1683,6.2,3.5,5.1,4.4,4.8,2.97,High,Below Average
1684,7.2,0.2,9.6,2.8,4.2,3.19,Moderate,Above Average
1685,5.1,2.8,7.4,0.7,8.0,3.15,Low,Above Average
1686,7.5,3.3,9.3,2.4,1.5,3.36,Moderate,Above Average
1687,5.1,2.8,7.1,3.4,5.6,2.5,Low,Below Average
1688,9.6,0.5,8.4,0.0,5.5,3.7,High,Above Average
1689,9.6,0.5,5.5,2.0,6.4,3.19,High,Above Average
1690,7.9,1.8,5.2,1.9,7.2,3.07,High,Below Average
1691,9.1,2.8,8.6,2.4,1.1,3.24,High,Above Average
1692,6.4,3.3,9.9,2.2,2.2,2.9,Moderate,Below Average
1693,5.0,0.6,6.6,3.5,8.3,2.89,Low,Below Average
1694,8.9,3.0,8.0,2.6,1.5,3.29,High,Above Average
1695,8.2,2.5,7.8,5.4,0.1,3.4,High,Above Average
1696,9.4,0.9,5.4,2.9,5.4,3.56,High,Above Average
1697,7.6,3.3,7.2,3.4,2.5,3.03,Moderate,Below Average
1698,8.1,3.3,5.8,3.6,3.2,3.22,High,Above Average
1699,8.0,0.7,5.6,5.9,3.8,2.93,High,Below Average
1700,5.9,2.7,8.0,3.9,3.5,2.78,Low,Below Average
1701,5.4,3.6,6.9,1.9,6.2,2.35,Low,Below Average
1702,9.3,3.7,6.5,3.9,0.6,3.24,High,Above Average
1703,8.9,3.7,6.2,3.0,2.2,3.49,High,Above Average
1704,5.0,2.3,6.7,1.9,8.1,2.64,Low,Below Average
1705,8.2,3.4,8.0,3.8,0.6,3.26,High,Above Average
1706,7.3,0.0,7.8,4.0,4.9,2.75,Moderate,Below Average
1707,8.0,2.9,7.9,0.3,4.9,3.25,Moderate,Above Average
1708,6.4,0.3,7.1,3.3,6.9,2.77,Moderate,Below Average
1709,6.6,2.9,8.2,2.0,4.3,3.14,Moderate,Above Average
1710,8.2,2.2,5.1,4.2,4.3,3.48,High,Above Average
1711,6.9,3.8,9.1,2.5,1.7,2.88,Moderate,Below Average
1712,6.7,1.9,6.5,3.1,5.8,2.87,Moderate,Below Average
1713,5.8,3.9,5.5,5.6,3.2,2.88,High,Below Average
1714,8.6,1.7,8.2,1.9,3.6,3.46,High,Above Average
1715,6.5,2.3,7.5,3.5,4.2,2.8,Moderate,Below Average
1716,5.4,0.2,6.3,0.4,11.7,2.53,Low,Below Average
1717,5.5,3.3,5.2,4.0,6.0,2.95,High,Below Average
1718,7.4,1.2,7.6,2.3,5.5,3.03,Moderate,Below Average
1719,7.8,0.5,10.0,2.4,3.3,3.43,Moderate,Above Average
1720,6.8,3.3,7.3,4.3,2.3,2.83,Moderate,Below Average
1721,5.5,3.4,8.7,1.3,5.1,2.74,Low,Below Average
1722,9.9,1.0,7.3,0.2,5.6,3.32,High,Above Average
1723,7.0,2.3,9.8,2.5,2.4,3.09,Moderate,Below Average
1724,5.2,1.3,7.9,5.7,3.9,3.04,Low,Below Average
1725,9.3,0.9,6.1,1.2,6.5,3.29,High,Above Average
1726,7.5,1.9,6.3,3.0,5.3,3.4,Moderate,Above Average
1727,5.2,0.5,9.4,4.5,4.4,2.9,Low,Below Average
1728,6.8,3.0,8.9,4.0,1.3,2.49,Moderate,Below Average
1729,8.6,0.8,6.7,2.8,5.1,3.52,High,Above Average
1730,6.6,0.6,7.0,5.9,3.9,2.83,Moderate,Below Average
1731,6.1,2.4,7.2,0.4,7.9,3.29,Moderate,Above Average
1732,7.6,3.5,6.4,0.5,6.0,3.12,Moderate,Above Average
1733,9.7,1.5,7.9,3.9,1.0,3.69,High,Above Average
1734,5.7,1.2,5.7,4.9,6.5,2.66,High,Below Average
1735,6.1,2.9,9.7,2.8,2.5,2.5,Moderate,Below Average
1736,6.6,1.9,8.0,5.9,1.6,3.41,Moderate,Above Average
1737,9.7,3.4,9.4,0.7,0.8,3.6,High,Above Average
1738,7.0,3.8,7.1,3.6,2.5,3.11,Moderate,Below Average
1739,8.5,3.8,6.2,4.1,1.4,2.93,High,Below Average
1740,8.9,2.2,8.3,1.5,3.1,3.37,High,Above Average
1741,7.4,2.5,7.0,1.2,5.9,3.11,Moderate,Below Average
1742,8.7,1.6,6.8,2.4,4.5,3.42,High,Above Average
1743,7.0,2.2,7.7,3.0,4.1,3.05,Moderate,Below Average
1744,5.8,0.5,9.7,3.6,4.4,2.65,Low,Below Average
1745,8.3,1.6,9.5,2.9,1.7,3.12,High,Above Average
1746,9.8,3.3,9.3,0.3,1.3,3.73,High,Above Average
1747,6.4,1.1,6.4,5.1,5.0,2.79,Moderate,Below Average
1748,6.2,3.2,7.8,0.0,6.8,2.8,Moderate,Below Average
1749,7.1,1.6,5.6,4.1,5.6,3.28,High,Above Average
1750,8.6,0.0,9.8,4.6,1.0,3.48,High,Above Average
1751,9.5,0.1,9.7,3.8,0.9,3.57,High,Above Average
1752,9.7,1.8,8.0,2.1,2.4,3.82,High,Above Average
1753,9.7,0.3,7.5,4.1,2.4,3.53,High,Above Average
1754,9.5,3.8,5.3,2.2,3.2,3.7,High,Above Average
1755,5.1,1.3,7.7,5.5,4.4,2.8,Low,Below Average
1756,7.7,1.1,9.5,5.3,0.4,2.99,Moderate,Below Average
1757,7.0,3.6,6.9,4.4,2.1,2.84,Moderate,Below Average
1758,9.6,1.8,8.7,1.4,2.5,3.43,High,Above Average
1759,5.1,0.4,7.5,4.1,6.9,3.01,Low,Below Average
1760,8.5,2.8,7.5,4.8,0.4,3.06,High,Below Average
1761,7.4,1.8,6.0,1.8,7.0,3.13,Moderate,Above Average
1762,6.2,1.2,8.9,2.0,5.7,2.85,Moderate,Below Average
1763,6.2,0.7,8.9,0.8,7.4,3.02,Moderate,Below Average
1764,8.4,2.5,9.1,0.2,3.8,2.65,High,Below Average
1765,6.5,1.1,5.7,1.7,9.0,3.02,High,Below Average
1766,8.3,1.5,8.6,1.9,3.7,2.86,High,Below Average
1767,6.5,2.2,5.1,0.5,9.7,3.1,High,Below Average
1768,8.6,0.4,9.2,4.2,1.6,3.27,High,Above Average
1769,8.1,3.3,7.0,1.2,4.4,3.8,High,Above Average
1770,7.7,2.3,9.7,3.9,0.4,3.3,Moderate,Above Average
1771,9.4,3.2,9.7,0.2,1.5,3.4,High,Above Average
1772,9.2,2.0,8.7,0.6,3.5,3.03,High,Below Average
1773,6.3,2.9,5.8,2.1,6.9,2.78,High,Below Average
1774,8.5,1.5,7.8,0.6,5.6,3.02,High,Below Average
1775,9.0,1.5,8.2,3.8,1.5,3.41,High,Above Average
1776,8.1,1.7,5.9,5.7,2.6,3.17,High,Above Average
1777,8.8,0.8,6.7,4.9,2.8,3.53,High,Above Average
1778,7.2,2.9,6.9,1.3,5.7,3.23,Moderate,Above Average
1779,8.2,3.9,6.6,2.4,2.9,3.32,High,Above Average
1780,9.2,3.0,5.3,6.0,0.5,3.77,High,Above Average
1781,8.8,3.5,8.3,2.9,0.5,3.26,High,Above Average
1782,9.4,0.8,5.4,4.7,3.7,3.25,High,Above Average
1783,9.2,0.7,9.3,3.3,1.5,3.64,High,Above Average
1784,7.1,0.8,6.4,3.0,6.7,3.08,Moderate,Below Average
1785,7.7,3.2,9.0,2.4,1.7,3.03,Moderate,Below Average
1786,5.3,3.5,5.4,1.5,8.3,2.91,High,Below Average
1787,8.5,1.6,9.4,1.3,3.2,2.9,High,Below Average
1788,7.7,3.5,9.6,0.9,2.3,3.39,Moderate,Above Average
1789,7.3,2.2,9.7,4.8,0.0,3.25,Moderate,Above Average
1790,6.9,0.0,5.0,2.8,9.3,2.85,High,Below Average
1791,7.4,0.1,8.4,1.8,6.3,2.75,Moderate,Below Average
1792,5.8,1.6,6.2,3.2,7.2,2.98,Low,Below Average
1793,6.0,2.0,5.8,4.0,6.2,2.81,High,Below Average
1794,7.3,0.3,8.0,1.6,6.8,3.15,Moderate,Above Average
1795,7.6,2.1,9.6,2.6,2.1,2.78,Moderate,Below Average
1796,9.7,3.1,6.4,4.1,0.7,3.76,High,Above Average
1797,7.2,3.3,9.1,0.8,3.6,2.87,Moderate,Below Average
1798,6.5,1.2,8.6,1.4,6.3,3.18,Moderate,Above Average
1799,5.0,2.9,5.9,0.6,9.6,2.63,High,Below Average
1800,7.4,0.2,9.9,4.3,2.2,2.84,Moderate,Below Average
1801,6.6,1.3,7.2,3.8,5.1,2.93,Moderate,Below Average
1802,9.3,1.0,6.9,5.2,1.6,3.32,High,Above Average
1803,8.3,1.4,8.4,0.1,5.8,3.23,High,Above Average
1804,9.1,3.8,9.6,1.4,0.1,3.71,High,Above Average
1805,7.6,1.4,7.3,4.1,3.6,3.09,Moderate,Below Average
1806,9.6,3.3,9.9,1.1,0.1,3.5,High,Above Average
1807,6.4,0.4,5.6,1.7,9.9,3.21,High,Above Average
1808,9.5,2.5,5.0,1.1,5.9,3.52,High,Above Average
1809,5.5,1.5,7.5,0.3,9.2,2.61,Low,Below Average
1810,8.2,1.9,7.5,2.6,3.8,3.13,High,Above Average
1811,9.8,0.9,7.6,4.2,1.5,3.62,High,Above Average
1812,6.9,1.9,5.4,3.7,6.1,3.05,High,Below Average
1813,6.4,0.6,7.7,3.2,6.1,3.0,Moderate,Below Average
1814,8.1,0.8,7.3,4.3,3.5,3.12,High,Above Average
1815,7.6,1.6,6.6,3.7,4.5,3.18,Moderate,Above Average
1816,5.4,1.8,9.5,0.6,6.7,2.9,Low,Below Average
1817,9.9,3.8,5.4,4.6,0.3,3.69,High,Above Average
1818,7.1,1.8,8.2,4.6,2.3,2.98,Moderate,Below Average
1819,5.2,2.4,5.9,2.1,8.4,2.69,High,Below Average
1820,6.7,0.4,5.7,0.2,11.0,2.58,High,Below Average
1821,7.4,3.8,5.6,5.7,1.5,3.27,High,Above Average
1822,8.2,3.3,5.5,3.0,4.0,3.5,High,Above Average
1823,8.5,2.3,9.2,0.3,3.7,3.34,High,Above Average
1824,6.9,1.4,8.1,5.3,2.3,3.42,Moderate,Above Average
1825,7.5,3.3,7.0,0.6,5.6,2.82,Moderate,Below Average
1826,8.6,3.0,5.3,1.3,5.8,3.06,High,Below Average
1827,6.4,2.2,5.7,0.8,8.9,2.89,High,Below Average
1828,6.8,3.2,7.6,0.8,5.6,2.78,Moderate,Below Average
1829,8.7,1.6,6.3,2.3,5.1,2.87,High,Below Average
1830,6.2,1.6,5.1,4.6,6.5,2.92,High,Below Average
1831,5.9,0.2,8.3,4.6,5.0,2.88,Low,Below Average
1832,6.0,2.9,8.5,1.5,5.1,3.17,Moderate,Above Average
1833,9.5,0.4,9.9,3.6,0.6,3.5,High,Above Average
1834,8.6,0.8,7.2,0.4,7.0,3.32,High,Above Average
1835,6.9,3.0,6.9,2.0,5.2,3.23,Moderate,Above Average
1836,5.2,1.5,5.8,4.2,7.3,2.83,High,Below Average
1837,5.5,2.7,6.4,1.2,8.2,2.75,Low,Below Average
1838,7.4,2.0,6.6,0.8,7.2,3.1,Moderate,Below Average
1839,6.9,2.7,8.9,2.9,2.6,2.77,Moderate,Below Average
1840,6.4,0.6,6.2,1.3,9.5,3.04,Moderate,Below Average
1841,7.6,2.3,9.7,0.9,3.5,3.36,Moderate,Above Average
1842,7.8,1.0,6.3,0.2,8.7,3.27,Moderate,Above Average
1843,6.5,3.0,5.2,1.3,8.0,3.17,High,Above Average
1844,7.3,2.8,6.9,1.0,6.0,3.24,Moderate,Above Average
1845,7.0,2.3,9.7,0.3,4.7,2.64,Moderate,Below Average
1846,7.5,0.1,6.6,4.9,4.9,3.14,Moderate,Above Average
1847,7.8,1.8,6.4,1.8,6.2,3.39,Moderate,Above Average
1848,9.8,1.8,7.0,4.6,0.8,3.39,High,Above Average
1849,7.1,2.2,6.2,4.5,4.0,3.34,Moderate,Above Average
1850,8.9,0.9,8.6,4.5,1.1,3.36,High,Above Average
1851,6.7,0.7,5.0,2.7,8.9,3.15,High,Above Average
1852,5.9,3.4,6.3,1.4,7.0,2.48,Low,Below Average
1853,7.4,2.0,6.1,1.6,6.9,3.22,Moderate,Above Average
1854,8.9,1.8,8.6,3.5,1.2,3.17,High,Above Average
1855,5.7,3.9,9.1,1.1,4.2,2.81,Low,Below Average
1856,5.7,3.0,7.3,4.7,3.3,2.82,Low,Below Average
1857,8.7,2.4,8.4,0.1,4.4,3.51,High,Above Average
1858,5.0,0.1,9.3,4.1,5.5,2.47,Low,Below Average
1859,6.3,2.8,9.0,1.8,4.1,2.79,Moderate,Below Average
1860,7.5,3.1,6.1,1.6,5.7,3.07,Moderate,Below Average
1861,6.2,4.0,6.0,3.5,4.3,2.88,Moderate,Below Average
1862,8.2,3.0,9.9,0.5,2.4,3.3,High,Above Average
1863,8.8,1.4,5.9,2.5,5.4,3.29,High,Above Average
1864,7.7,4.0,7.0,3.3,2.0,3.44,Moderate,Above Average
1865,6.8,1.6,8.5,5.6,1.5,3.33,Moderate,Above Average
1866,5.4,0.8,7.5,0.1,10.2,2.86,Low,Below Average
1867,6.3,2.1,5.1,1.6,8.9,3.49,High,Above Average
1868,9.6,2.6,7.1,4.4,0.3,3.54,High,Above Average
1869,8.9,0.8,5.7,4.1,4.5,3.62,High,Above Average
1870,8.7,2.5,9.9,1.5,1.4,3.36,High,Above Average
1871,5.6,3.3,6.3,4.7,4.1,2.85,Low,Below Average
1872,8.0,1.8,6.8,2.1,5.3,3.23,Moderate,Above Average
1873,8.2,3.0,8.4,0.9,3.5,3.52,High,Above Average
1874,7.4,2.1,8.9,3.7,1.9,3.1,Moderate,Below Average
1875,7.0,3.6,5.8,6.0,1.6,2.99,High,Below Average
1876,8.6,3.2,9.3,2.9,0.0,3.38,High,Above Average
1877,6.5,2.8,5.6,2.4,6.7,2.9,High,Below Average
1878,8.0,2.0,8.2,5.6,0.2,3.4,Moderate,Above Average
1879,5.3,2.3,9.3,2.9,4.2,2.82,Low,Below Average
1880,6.7,0.6,9.2,3.1,4.4,2.85,Moderate,Below Average
1881,9.7,3.2,8.5,0.0,2.6,3.19,High,Above Average
1882,9.6,0.7,6.4,3.1,4.2,3.38,High,Above Average
1883,6.3,0.8,8.0,0.5,8.4,2.91,Moderate,Below Average
1884,8.6,2.2,7.1,3.4,2.7,3.18,High,Above Average
1885,6.8,3.7,5.3,4.0,4.2,3.04,High,Below Average
1886,5.9,1.2,8.6,0.5,7.8,2.92,Low,Below Average
1887,9.1,2.9,8.6,0.3,3.1,3.56,High,Above Average
1888,9.2,0.2,5.1,2.2,7.3,3.61,High,Above Average
1889,5.7,2.2,9.6,2.3,4.2,2.98,Low,Below Average
1890,5.5,2.4,7.3,5.6,3.2,2.77,Low,Below Average
1891,5.6,0.8,5.1,2.6,9.9,2.97,High,Below Average
1892,8.0,2.5,7.7,0.5,5.3,3.12,Moderate,Above Average
1893,7.2,4.0,9.2,3.2,0.4,2.95,Moderate,Below Average
1894,7.4,2.7,9.4,3.4,1.1,3.04,Moderate,Below Average
1895,9.7,0.2,5.1,4.0,5.0,3.25,High,Above Average
1896,6.7,1.1,7.6,2.6,6.0,2.83,Moderate,Below Average
1897,7.6,2.7,6.9,1.5,5.3,3.05,Moderate,Below Average
1898,8.7,3.0,8.3,0.9,3.1,3.1,High,Below Average
1899,7.9,2.3,7.4,3.3,3.1,3.75,Moderate,Above Average
1900,8.6,0.4,8.7,0.8,5.5,3.22,High,Above Average
1901,5.3,3.9,9.8,0.3,4.7,2.53,Low,Below Average
1902,7.4,3.3,9.8,2.2,1.3,3.06,Moderate,Below Average
1903,6.8,2.4,6.6,5.5,2.7,3.05,Moderate,Below Average
1904,6.6,1.2,5.2,4.9,6.1,3.2,High,Above Average
1905,7.3,1.3,7.4,4.9,3.1,2.83,Moderate,Below Average
1906,6.9,1.3,5.9,3.6,6.3,2.94,High,Below Average
1907,7.4,3.5,5.2,3.9,4.0,3.26,High,Above Average
1908,9.4,2.9,9.6,0.7,1.4,3.57,High,Above Average
1909,7.5,0.1,5.0,1.4,10.0,3.07,High,Below Average
1910,5.9,0.1,9.5,0.0,8.5,2.79,Low,Below Average
1911,8.7,0.6,9.6,4.6,0.5,3.57,High,Above Average
1912,5.0,3.9,9.4,5.1,0.6,2.98,Low,Below Average
1913,8.3,1.4,9.5,1.4,3.4,3.06,High,Below Average
1914,9.6,0.6,6.1,3.3,4.4,3.47,High,Above Average
1915,8.8,2.5,6.2,0.0,6.5,3.29,High,Above Average
1916,9.5,1.6,7.6,2.5,2.8,3.7,High,Above Average
1917,7.2,3.1,7.6,1.9,4.2,2.79,Moderate,Below Average
1918,5.7,2.6,8.4,4.5,2.8,2.94,Low,Below Average
1919,7.5,3.6,9.7,2.6,0.6,2.84,Moderate,Below Average
1920,9.9,1.1,6.0,2.7,4.3,3.68,High,Above Average
1921,5.3,3.9,7.9,3.3,3.6,2.79,Low,Below Average
1922,5.2,2.4,8.6,2.5,5.3,3.21,Low,Above Average
1923,8.8,0.9,6.1,1.0,7.2,3.53,High,Above Average
1924,9.1,1.5,7.9,4.0,1.5,3.29,High,Above Average
1925,6.2,0.7,9.9,3.7,3.5,2.73,Moderate,Below Average
1926,6.3,2.0,6.6,1.0,8.1,3.09,Moderate,Below Average
1927,6.3,0.1,8.5,3.0,6.1,2.99,Moderate,Below Average
1928,5.5,3.0,5.1,1.5,8.9,2.66,High,Below Average
1929,9.5,2.9,5.4,4.9,1.3,3.67,High,Above Average
1930,8.0,2.7,10.0,0.8,2.5,3.2,Moderate,Above Average
1931,8.1,1.8,5.2,0.1,8.8,3.28,High,Above Average
1932,7.8,2.2,5.2,2.8,6.0,3.0,High,Below Average
1933,9.6,1.6,8.1,3.7,1.0,3.46,High,Above Average
1934,9.3,1.6,9.4,0.9,2.8,3.69,High,Above Average
1935,6.4,0.2,9.0,2.5,5.9,2.81,Moderate,Below Average
1936,9.5,3.3,7.8,2.1,1.3,3.28,High,Above Average
1937,7.4,1.6,9.6,0.7,4.7,2.75,Moderate,Below Average
1938,7.5,1.8,7.6,0.8,6.3,2.93,Moderate,Below Average
1939,7.6,1.0,5.9,0.4,9.1,3.06,High,Below Average
1940,8.1,2.9,8.4,2.2,2.4,3.52,High,Above Average
1941,6.9,1.5,8.2,3.0,4.4,2.99,Moderate,Below Average
1942,8.2,1.2,5.1,5.3,4.2,3.19,High,Above Average
1943,6.1,3.7,8.6,4.3,1.3,2.79,Moderate,Below Average
1944,7.6,0.7,6.5,1.9,7.3,3.0,Moderate,Below Average
1945,5.8,0.8,8.9,1.0,7.5,2.89,Low,Below Average
1946,9.9,1.3,5.6,3.4,3.8,3.43,High,Above Average
1947,9.5,3.1,8.1,1.0,2.3,3.25,High,Above Average
1948,8.4,2.9,9.8,0.8,2.1,3.28,High,Above Average
1949,5.1,2.2,8.5,4.7,3.5,2.64,Low,Below Average
1950,7.6,1.3,9.3,2.7,3.1,2.98,Moderate,Below Average
1951,9.0,2.3,8.9,1.3,2.5,3.24,High,Above Average
1952,7.7,0.9,7.4,1.9,6.1,3.31,Moderate,Above Average
1953,6.3,3.9,5.8,4.7,3.3,2.73,High,Below Average
1954,5.2,1.6,9.7,0.1,7.4,2.95,Low,Below Average
1955,7.9,2.0,9.4,0.4,4.3,3.42,Moderate,Above Average
1956,8.3,3.8,9.1,0.1,2.7,3.48,High,Above Average
1957,7.4,1.6,6.6,2.7,5.7,2.88,Moderate,Below Average
1958,9.9,0.4,9.6,2.0,2.1,3.09,High,Below Average
1959,8.1,3.3,6.8,2.5,3.3,2.86,High,Below Average
1960,9.6,3.3,5.5,0.6,5.0,3.19,High,Above Average
1961,7.1,0.4,8.1,0.9,7.5,3.02,Moderate,Below Average
1962,6.6,2.7,7.4,5.9,1.4,2.99,Moderate,Below Average
1963,9.4,1.4,5.2,5.1,2.9,3.59,High,Above Average
1964,9.5,0.9,9.5,1.3,2.8,3.24,High,Above Average
1965,9.9,1.1,9.8,0.2,3.0,3.54,High,Above Average
1966,7.4,0.9,8.5,1.1,6.1,3.48,Moderate,Above Average
1967,7.8,1.0,9.8,0.2,5.2,3.04,Moderate,Below Average
1968,7.1,0.9,7.5,5.2,3.3,2.92,Moderate,Below Average
1969,8.6,2.3,5.4,4.2,3.5,3.38,High,Above Average
1970,6.3,1.7,6.8,5.2,4.0,2.84,Moderate,Below Average
1971,5.6,2.3,5.7,4.2,6.2,2.81,High,Below Average
1972,7.4,3.7,7.6,2.6,2.7,3.29,Moderate,Above Average
1973,7.9,2.8,5.5,4.9,2.9,3.03,High,Below Average
1974,8.9,1.5,5.5,3.8,4.3,3.31,High,Above Average
1975,9.4,3.6,9.8,1.0,0.2,3.32,High,Above Average
1976,8.0,2.4,6.8,5.4,1.4,3.42,Moderate,Above Average
1977,7.5,1.9,10.0,2.3,2.3,3.14,Moderate,Above Average
1978,9.1,3.1,8.9,2.1,0.8,3.1,High,Below Average
1979,6.3,3.4,9.5,0.9,3.9,2.97,Moderate,Below Average
1980,8.2,2.2,5.3,4.5,3.8,3.43,High,Above Average
1981,7.5,2.6,7.5,3.0,3.4,3.02,Moderate,Below Average
1982,5.8,0.8,9.9,0.9,6.6,2.71,Low,Below Average
1983,6.3,2.4,8.1,0.9,6.3,3.07,Moderate,Below Average
1984,6.2,1.2,9.7,5.0,1.9,3.06,Moderate,Below Average
1985,8.5,0.3,7.1,3.4,4.7,3.23,High,Above Average
1986,8.0,1.3,8.9,4.9,0.9,2.93,Moderate,Below Average
1987,6.6,3.4,5.5,5.0,3.5,2.9,High,Below Average
1988,9.5,1.5,6.4,3.0,3.6,3.86,High,Above Average
1989,7.3,1.4,8.5,4.6,2.2,3.28,Moderate,Above Average
1990,7.0,2.7,7.4,6.0,0.9,2.85,Moderate,Below Average
1991,8.6,3.8,9.2,2.2,0.2,3.26,High,Above Average
1992,6.3,1.5,5.1,3.1,8.0,3.21,High,Above Average
1993,7.5,2.1,9.9,4.1,0.4,3.04,Moderate,Below Average
1994,7.1,1.4,9.0,3.1,3.4,2.85,Moderate,Below Average
1995,7.9,3.4,9.0,0.5,3.2,3.08,Moderate,Below Average
1996,6.5,0.2,7.4,2.1,7.8,3.32,Moderate,Above Average
1997,6.3,2.8,8.8,1.5,4.6,2.65,Moderate,Below Average
1998,6.2,0.0,6.2,0.8,10.8,3.14,Moderate,Above Average
1999,8.1,0.7,7.6,3.5,4.1,3.04,High,Below Average
2000,9.0,1.7,7.3,3.1,2.9,3.58,High,Above Average
